date,carbune,consum,hidro,hidrocarburi,nuclear,eolian,productie,fotovolt,biomasa,sold
2024-09-30 16:29:14,831,6306,1563,863,1308,2588,7474,261,57,-1168
2024-09-30 04:48:21,802,4554,876,889,1368,2466,6449,-4,49,-1894
2024-09-29 15:56:21,764,5503,1062,847,1373,873,5044,57,50,458
2024-09-29 03:55:29,754,4715,1255,890,1366,359,4673,-3,51,42
2024-09-28 14:47:25,724,4847,926,774,1374,418,5226,955,51,-379
2024-09-28 02:26:12,710,5102,946,901,1363,1300,5270,-2,50,-168
2024-09-27 12:30:30,716,5291,1314,771,1351,634,5927,1082,55,-635
2024-09-26 23:55:25,772,5504,1234,1307,1366,1295,6035,-3,56,-531
2024-09-26 10:16:05,906,5841,1312,1022,1342,370,5726,712,56,115
2024-09-25 22:08:45,890,6370,1723,1231,1356,870,6126,-4,52,244
2024-09-25 08:24:52,931,6397,1592,1359,1362,78,5518,163,53,879
2024-09-24 18:38:30,950,6578,1819,1337,1362,362,5924,26,59,653
2024-09-24 06:47:15,883,5806,1418,1304,1362,51,5071,-3,54,735
2024-09-23 17:08:10,725,5820,1355,1220,1317,79,5357,603,55,463
2024-09-23 05:00:03,600,4550,1278,1252,1362,824,5361,-4,44,-810
2024-09-22 14:39:32,401,3904,733,432,1314,176,3924,820,46,-20
2024-09-22 01:56:20,479,4527,1182,484,1364,323,3876,-3,45,651
2024-09-21 11:25:08,599,4370,1255,711,1361,532,5629,1121,48,-1258
2024-09-20 23:25:10,752,5506,1568,1246,1362,1056,6036,-3,51,-529
2024-09-20 10:38:19,687,5405,1334,1169,1356,1671,7070,800,51,-1664
2024-09-19 22:39:33,686,5886,1639,1316,1357,1820,6861,-4,45,-974
2024-09-19 09:00:22,739,6372,1659,1408,1344,1177,6750,363,44,-377
2024-09-18 20:35:13,740,7112,1797,1420,1351,708,6089,-3,46,1023
2024-09-18 05:59:49,743,5291,1145,1316,1354,728,5331,-3,44,-40
2024-09-17 16:26:03,667,5724,1141,1237,1359,529,5589,602,52,134
2024-09-17 03:00:17,638,4884,941,1176,1357,836,4997,-3,50,-112
2024-09-16 14:09:29,667,5350,854,1037,1360,327,5210,908,54,140
2024-09-16 02:25:52,784,4432,841,1201,1362,553,4783,-3,43,-350
2024-09-15 12:29:30,770,4216,507,636,1353,70,4327,953,35,-110
2024-09-15 00:39:27,787,4754,1068,796,1346,1467,5506,-3,42,-751
2024-09-14 11:40:53,759,5533,1022,729,1298,1434,5512,226,40,21
2024-09-13 23:47:25,825,5550,821,1217,1354,1770,6033,-3,46,-482
2024-09-13 11:25:23,829,5851,1116,1174,1341,431,5772,824,44,78
2024-09-12 23:39:24,820,5622,1195,1205,1348,84,4696,-3,42,926
2024-09-12 05:16:45,792,5153,1052,1090,1347,299,4624,1,39,529
2024-09-11 16:17:03,788,6436,1213,1061,1338,497,5114,177,37,1322
2024-09-11 04:26:45,793,5176,893,1079,1345,149,4302,-3,43,873
2024-09-10 14:59:54,784,6392,1280,1001,1309,301,5130,392,41,1261
2024-09-10 02:55:44,741,5053,1007,1063,1349,125,4326,-3,41,727
2024-09-09 13:47:52,635,5522,957,1003,1322,77,5155,1116,42,366
2024-09-09 01:26:18,702,4614,1015,1144,1340,101,4342,-3,40,272
2024-09-08 12:00:11,590,3821,523,534,1341,1043,5222,1152,37,-1400
2024-09-08 00:17:17,705,5142,1052,1137,1333,1214,5500,-3,40,-358
2024-09-07 11:47:28,652,4750,615,772,1330,1656,6153,1076,48,-1402
2024-09-06 23:59:31,800,5578,1081,1106,1326,1143,5510,-2,54,67
2024-09-06 09:18:37,947,6270,1049,1059,1276,626,5559,539,55,710
2024-09-05 18:59:49,949,6907,1423,1062,1321,876,5786,96,53,1120
2024-09-05 06:38:50,879,5642,1078,1062,1341,779,5193,-1,53,448
2024-09-04 18:29:31,953,6974,1406,1036,1320,1196,6174,205,55,799
2024-09-04 05:29:26,899,5315,936,1037,1335,826,5093,-2,53,221
2024-09-03 16:08:47,751,6377,1218,993,1335,277,5475,848,50,902
2024-09-03 04:25:30,808,5127,1025,1071,1333,459,4746,-3,51,380
2024-09-02 16:38:33,757,6314,1227,956,1317,56,5131,767,48,1183
2024-09-02 04:55:46,772,4796,962,1053,1332,576,4751,5,48,44
2024-09-01 16:48:39,755,5117,866,946,1323,387,4761,435,44,356
2024-09-01 05:00:31,825,4654,742,1030,1325,629,4599,-3,48,55
2024-08-31 16:17:24,826,5531,1096,937,1304,1028,5787,546,47,-256
2024-08-31 04:18:21,785,5049,903,1008,1333,1361,5448,2,53,-398
2024-08-30 09:59:39,898,6537,1390,1115,1301,584,5731,385,55,805
2024-08-29 22:07:43,922,6674,1215,982,1323,784,5286,-3,54,1388
2024-08-29 09:08:38,837,6400,1019,1051,1295,962,5630,406,51,770
2024-08-28 20:56:25,1106,7545,2209,1325,685,645,6050,-2,55,1494
2024-08-28 08:30:23,978,6784,1233,1140,685,470,4670,100,54,2113
2024-08-27 18:25:49,856,6990,1705,1253,681,220,4920,150,52,2070
2024-08-27 05:09:37,771,5373,1122,1291,681,649,4572,-4,52,801
2024-08-26 15:59:40,782,6984,1913,1206,664,1144,6568,809,48,415
2024-08-26 02:59:17,634,4843,979,1225,1336,283,4503,-2,46,340
2024-08-25 13:55:32,685,4551,498,803,1331,640,5155,1155,44,-604
2024-08-25 02:08:48,744,4964,969,994,1333,501,4583,-3,40,380
2024-08-24 08:08:47,854,5361,1056,1216,1328,322,5063,237,49,297
2024-08-23 19:08:21,1075,7220,1491,1172,1317,160,5382,113,51,1837
2024-08-23 06:16:36,878,5491,1033,1206,1335,1217,5723,-2,52,-231
2024-08-22 17:08:21,813,6821,1126,1127,1322,562,5581,574,54,1240
2024-08-22 04:08:35,772,5283,1071,1231,1327,168,4617,-3,49,665
2024-08-21 15:16:47,751,6382,1182,1091,1295,185,5550,996,46,832
2024-08-21 03:29:38,793,5269,1059,1248,1324,-8,4465,-3,51,803
2024-08-20 14:25:23,805,6564,1203,1147,1320,67,5504,913,46,1060
2024-08-20 02:39:42,806,5355,1036,1259,1325,12,4485,-3,50,869
2024-08-19 12:59:40,521,6190,1110,1022,1260,290,5481,1231,44,709
2024-08-19 01:16:31,708,5077,1036,1210,1340,81,4421,-3,41,656
2024-08-18 12:17:39,766,4757,727,1063,1342,197,5219,1082,39,-462
2024-08-18 00:29:33,824,5433,1136,1158,1341,329,4829,-3,43,603
2024-08-17 11:25:16,776,5316,664,1000,1343,248,5154,1078,41,162
2024-08-16 23:38:49,978,6043,1076,1198,1335,976,5608,-2,45,435
2024-08-16 11:26:36,868,5626,1037,1121,1309,435,5911,1084,41,-285
2024-08-15 23:38:43,999,5900,1088,1196,1334,1072,5733,-3,43,167
2024-08-15 11:38:44,904,4996,1037,1004,1336,409,5876,1140,43,-879
2024-08-14 23:56:21,958,6143,1057,1152,1323,891,5431,-2,51,711
2024-08-14 11:55:30,897,6119,1055,1067,1293,547,6101,1193,47,17
2024-08-14 00:08:47,900,6029,1160,1245,1332,502,5183,-2,45,845
2024-08-13 11:59:38,767,6012,1030,1036,1313,94,5452,1158,51,560
2024-08-13 00:17:43,925,5828,1115,1251,1315,874,5532,-3,53,295
2024-08-12 11:59:36,679,5829,866,1059,1315,115,5254,1169,49,575
2024-08-12 00:16:21,737,5310,1225,1326,1337,199,4870,-3,46,439
2024-08-11 11:09:24,631,4330,469,817,1346,137,4490,1041,47,-160
2024-08-10 23:25:27,771,5788,1170,1237,1330,524,5081,-3,51,706
2024-08-10 10:48:26,635,4991,642,694,1329,357,4623,912,50,368
2024-08-09 22:59:34,791,6151,1333,1279,1326,158,4943,-2,55,1208
2024-08-09 10:16:32,762,6342,1306,1232,1275,-6,5180,553,54,1162
2024-08-08 22:30:28,754,6640,1456,1330,1308,214,5120,-2,59,1519
2024-08-08 08:39:22,656,5923,993,1218,1337,-11,4757,504,53,1165
2024-08-07 19:26:31,777,6670,1504,1252,1322,28,5057,113,53,1612
2024-08-07 07:38:43,800,5772,1120,1243,1337,654,5346,137,51,426
2024-08-06 17:56:40,710,5852,1071,1218,1278,225,4965,413,47,886
2024-08-06 06:08:30,632,5315,983,1237,1328,550,4781,-3,52,534
2024-08-05 17:16:25,644,6237,1119,1208,1293,86,4954,550,51,1283
2024-08-05 05:29:21,681,4871,1073,1224,1325,147,4498,-4,51,373
2024-08-04 16:46:19,697,5146,887,685,1324,744,4880,495,46,266
2024-08-04 04:59:22,715,4813,997,1186,1325,709,4982,-3,53,-169
2024-08-03 16:55:46,690,6000,1053,853,1305,1301,5892,634,53,108
2024-08-03 05:08:25,696,5257,983,1186,1327,911,5155,-3,52,102
2024-08-02 17:25:39,898,6941,1065,1185,1285,770,5809,549,54,1131
2024-08-02 05:38:52,843,5460,1018,1289,1322,390,4915,-3,55,545
2024-08-01 17:30:42,817,6604,1234,1203,1309,442,5721,664,50,883
2024-08-01 05:47:42,833,5391,1005,1293,1315,120,4619,-2,54,771
2024-07-31 17:08:48,728,6118,938,1185,1304,155,5219,857,50,898
2024-07-31 05:17:35,786,5334,1167,1287,1317,370,4980,-2,54,354
2024-07-30 16:46:16,762,5984,855,943,1309,1367,6238,947,51,-254
2024-07-30 04:47:26,772,5281,1143,1315,1317,1049,5638,-3,42,-356
2024-07-29 15:55:35,769,6228,922,1210,1277,203,5533,1096,54,694
2024-07-29 03:29:28,815,4959,1046,1311,1309,666,5201,-2,54,-241
2024-07-28 14:17:26,722,4657,464,422,1308,109,4229,1150,51,427
2024-07-28 02:29:32,889,5145,1187,889,1304,22,4339,-3,50,805
2024-07-27 13:17:26,725,4958,666,1178,1296,181,5303,1203,49,-344
2024-07-27 01:30:32,853,5464,1232,1305,1304,865,5615,-2,55,-150
2024-07-26 11:29:36,887,5941,882,1266,1289,1223,6649,1041,57,-708
2024-07-25 17:55:15,1005,6743,1324,1277,1163,255,5472,384,59,1271
2024-07-25 05:07:29,927,5600,1247,1298,714,301,4535,-2,47,1064
2024-07-24 15:56:34,1149,7189,1460,1269,644,136,5192,490,41,1997
2024-07-24 04:09:19,1082,5797,1236,1298,643,664,4969,-2,48,827
2024-07-23 13:25:23,1018,6745,1249,1199,650,366,5673,1132,55,1071
2024-07-23 00:25:21,1055,6125,1075,1273,650,734,4842,-2,53,1282
2024-07-22 11:00:47,831,6626,1234,1201,640,205,5134,970,49,1491
2024-07-21 23:16:24,921,6057,1527,1278,668,978,5416,-1,44,641
2024-07-21 10:26:37,907,5382,1332,870,664,4,4405,578,47,976
2024-07-20 22:38:40,1285,6854,1899,1329,669,319,5551,-1,49,1302
2024-07-20 09:38:25,991,5788,1273,1224,654,112,5002,692,53,786
2024-07-19 21:55:35,1217,7991,2142,1366,654,660,6091,-2,52,1899
2024-07-19 08:55:34,1115,7211,1290,1263,1318,1439,7013,531,55,197
2024-07-18 21:11:46,1284,8290,3005,1343,1289,201,7206,0,53,1084
2024-07-18 08:29:36,1143,7402,1410,1202,1313,280,5725,318,56,1677
2024-07-17 20:38:43,1242,8543,2283,1274,1310,233,6440,11,56,2102
2024-07-17 07:54:25,1089,7142,1306,1220,1318,519,5750,238,57,1392
2024-07-16 19:46:30,1175,8293,2101,1253,1307,144,6135,102,50,2158
2024-07-16 07:59:48,1098,7285,1488,1281,1326,371,5887,267,51,1398
2024-07-15 20:17:49,1201,8530,3284,1277,1311,99,7296,37,54,1234
2024-07-15 08:29:47,1157,7107,1422,1222,1323,307,5933,441,58,1173
2024-07-14 16:25:46,930,6144,1621,853,1333,243,5881,850,48,263
2024-07-14 04:29:26,1040,5476,1337,1239,1327,34,5035,2,54,440
2024-07-13 16:25:37,997,6517,1258,702,1334,338,5646,965,50,871
2024-07-13 04:29:21,988,5757,1317,820,1327,334,4843,-1,55,913
2024-07-12 15:59:43,961,7352,1547,1124,1322,424,6395,963,52,956
2024-07-12 01:26:16,969,6331,1554,1264,1330,92,5264,-1,53,1067
2024-07-11 08:39:28,935,7111,1671,1191,1332,513,6169,469,56,942
2024-07-10 20:56:42,942,7959,2394,1250,1324,412,6385,8,53,1573
2024-07-10 09:09:45,941,6912,1871,1160,1334,730,6773,683,52,138
2024-07-09 21:27:02,943,8046,2277,1235,1329,638,6474,-1,51,1571
2024-07-09 09:38:47,946,6791,1887,1179,1310,626,6851,840,50,-60
2024-07-08 11:00:05,930,6430,1236,1138,1246,177,5858,1078,51,572
2024-07-07 22:08:43,947,6918,1911,1257,1309,161,5626,-1,42,1291
2024-07-07 10:27:06,728,4598,1058,611,1324,85,4791,960,41,-193
2024-07-06 22:29:58,923,6688,1986,869,1324,278,5428,-1,48,1259
2024-07-06 10:38:53,737,5226,1077,756,1330,387,5373,1033,49,-147
2024-07-05 22:46:40,901,6932,2076,1298,1315,253,5895,-1,50,1037
2024-07-05 10:55:47,742,5777,1133,1171,1249,713,6058,995,51,-280
2024-07-04 23:08:44,841,6440,1815,1302,1312,300,5630,-1,52,809
2024-07-04 11:26:53,739,6026,1294,966,1295,181,5276,747,51,749
2024-07-03 23:38:35,779,6231,1924,1206,1311,239,5507,-1,48,723
2024-07-03 11:47:28,923,6868,1712,1178,1311,67,5648,405,49,1220
2024-07-02 23:59:38,891,5994,1674,1208,1316,512,5646,-2,44,348
2024-07-02 10:46:36,869,7010,1600,1160,1310,869,6500,659,32,509
2024-07-01 22:58:25,952,7125,1911,1245,1322,1215,6678,-2,32,446
2024-07-01 11:17:20,938,6779,1211,1136,1279,268,5895,1043,36,884
2024-06-30 23:29:16,927,6102,2597,1239,1331,638,6762,-2,30,-660
2024-06-30 11:46:06,753,4863,1292,930,1273,195,5617,1142,31,-754
2024-06-29 23:59:06,914,5909,2477,1276,966,46,5710,-2,31,200
2024-06-29 09:26:25,721,5344,1520,753,676,297,4793,796,30,550
2024-06-28 21:38:25,1157,7622,2886,1274,673,240,6264,-2,36,1358
2024-06-28 09:56:19,1086,6547,1705,1193,648,49,5489,776,33,1058
2024-06-27 21:55:32,1172,7447,2838,1283,672,233,6233,-2,37,1214
2024-06-27 09:38:06,1163,6800,2036,1244,655,129,5893,632,35,907
2024-06-26 21:38:14,1086,7510,2450,1230,673,783,6258,-2,38,1252
2024-06-26 09:08:06,1175,6732,2112,1138,626,101,5719,525,37,1013
2024-06-25 21:26:06,1196,7473,3026,1238,665,309,6468,-1,35,1005
2024-06-25 09:38:06,1037,6472,2016,1063,681,421,5937,685,35,535
2024-06-24 21:55:06,850,6761,2632,1120,685,344,5666,-1,36,1095
2024-06-24 10:08:05,794,5113,1610,368,690,340,4576,740,36,537
2024-06-23 22:25:05,806,6170,2492,697,686,352,5062,-2,31,1108
2024-06-23 10:25:05,745,4529,1328,623,688,5,4224,801,33,305
2024-06-22 22:38:05,805,6726,2544,1121,687,771,5958,-2,33,768
2024-06-22 10:55:05,646,5546,1647,785,688,81,4860,976,36,686
2024-06-21 23:09:05,1181,7000,2560,1158,671,361,5968,-1,34,1032
2024-06-21 11:25:05,967,6272,1938,1055,667,49,5747,1038,32,526
2024-06-20 23:38:05,1011,6657,2587,1152,675,1374,6832,-2,35,-175
2024-06-20 11:47:41,903,6683,1738,985,670,294,5659,1037,31,1024
2024-06-20 00:00:40,965,6402,2213,1067,683,1032,5989,-2,30,413
2024-06-19 11:18:35,782,6327,1743,1014,685,161,5484,1066,32,843
2024-06-18 23:29:36,822,6592,2648,1148,681,132,5466,-1,36,1126
2024-06-18 11:38:39,1087,6247,1794,1027,662,80,5756,1072,34,491
2024-06-17 23:57:32,868,6065,2387,1151,678,169,5286,-2,35,779
2024-06-17 12:08:33,870,5876,1713,1011,660,14,5392,1087,37,484
2024-06-17 00:26:27,920,5250,2255,1090,690,130,5120,-2,38,130
2024-06-16 12:16:49,732,4106,1410,223,686,179,4245,980,35,-139
2024-06-16 00:26:51,904,5209,2182,307,689,470,4586,-2,37,623
2024-06-15 12:39:50,724,4882,1466,213,687,1590,5656,935,37,-774
2024-06-15 00:55:46,843,5264,1905,1093,689,2019,6601,-2,54,-1337
2024-06-14 12:59:22,782,6166,1749,1111,680,228,5303,695,58,863
2024-06-14 00:59:22,709,5489,1390,1142,685,1375,5355,-1,56,134
2024-06-13 13:16:22,726,6278,1571,1090,681,800,5780,857,54,498
2024-06-13 01:29:22,873,5620,1924,1157,672,223,4903,-1,55,717
2024-06-12 13:46:22,994,6728,2105,1086,653,163,5822,771,50,906
2024-06-12 02:00:22,872,5554,1644,1134,683,661,5046,-2,53,508
2024-06-11 14:17:48,873,6607,1734,1035,653,560,5786,881,50,821
2024-06-11 02:31:46,914,5520,1598,1133,685,1726,6108,-2,54,-587
2024-06-10 14:38:51,941,6605,1846,786,661,956,6204,962,50,401
2024-06-09 19:59:49,974,6009,2219,1100,685,1072,6176,78,49,-168
2024-06-09 08:17:43,851,4787,1253,586,686,30,3828,375,48,959
2024-06-08 20:29:43,953,6416,2567,793,686,230,5293,18,47,1122
2024-06-08 08:46:38,730,5440,1690,699,681,61,4469,561,47,971
2024-06-07 20:59:37,1025,7072,2594,994,674,563,5916,12,54,1156
2024-06-07 07:26:24,1038,6150,1836,1126,681,-4,4931,201,52,1219
2024-06-06 19:38:24,1070,6866,2572,1136,670,80,5691,109,53,1174
2024-06-06 07:55:22,877,6141,2004,1111,688,278,5296,281,55,845
2024-06-05 20:08:22,1038,6928,2683,1098,683,68,5681,58,54,1246
2024-06-05 08:25:22,816,6032,1958,757,689,343,5005,393,50,1028
2024-06-04 20:39:22,899,6811,2513,902,680,454,5508,9,51,1303
2024-06-04 08:55:22,737,6223,1898,763,682,776,5367,459,53,856
2024-06-03 21:07:22,924,6835,2636,1179,674,1183,6645,1,47,190
2024-06-03 07:59:28,913,5982,2054,712,690,27,4626,190,40,1356
2024-06-02 20:17:22,893,5471,2297,768,692,924,5655,32,50,-185
2024-06-02 08:29:22,723,4283,1155,686,692,270,4037,461,49,245
2024-06-01 20:47:16,913,5986,2313,802,695,856,5633,3,50,353
2024-06-01 08:47:28,937,5103,1937,733,696,90,4799,360,46,304
2024-05-31 20:56:31,1008,6739,2506,818,691,710,5784,0,52,955
2024-05-31 08:59:03,952,5990,1986,728,698,36,5016,563,53,974
2024-05-30 21:08:02,1018,6713,2320,763,679,472,5313,6,54,1400
2024-05-30 06:46:20,1034,5622,1856,740,686,22,4428,41,50,1194
2024-05-29 18:59:19,1016,6408,2451,764,679,372,5468,143,42,940
2024-05-29 06:59:31,1018,5809,2098,413,685,95,4402,51,42,1407
2024-05-28 19:08:02,851,6299,2290,348,688,199,4572,146,50,1727
2024-05-28 07:27:27,1022,6225,1882,336,686,162,4241,99,55,1984
2024-05-27 19:29:02,1049,6566,2156,411,685,391,4813,67,54,1753
2024-05-27 07:38:02,1028,5885,1941,257,685,1044,5213,204,54,672
2024-05-26 19:55:02,858,5503,1682,288,689,927,4563,67,51,939
2024-05-26 08:09:02,622,4375,1434,264,689,653,4109,387,52,265
2024-05-25 20:25:29,712,6081,2246,296,686,752,4756,13,52,1325
2024-05-25 08:38:28,815,5076,1549,247,686,1220,5013,443,52,63
2024-05-24 20:55:23,1067,6764,2456,320,683,494,5076,2,54,1689
2024-05-24 09:00:30,902,6053,1857,247,681,851,5179,585,55,874
2024-05-23 21:09:02,1059,6960,2266,313,682,177,4553,-2,54,2407
2024-05-23 09:25:29,956,6509,1967,275,686,128,4381,313,56,2128
2024-05-22 21:29:02,1040,7192,2314,689,679,180,4953,-1,52,2240
2024-05-22 09:25:02,959,6481,1892,638,658,121,4643,326,48,1838
2024-05-21 21:29:02,979,6754,2138,664,690,581,5104,-1,54,1650
2024-05-21 09:46:02,862,5525,1261,621,658,465,4719,797,54,806
2024-05-20 21:59:02,1009,6899,2421,701,677,342,5201,-1,53,1697
2024-05-20 10:19:02,588,5904,1558,647,666,817,4970,637,56,934
2024-05-19 22:29:02,609,5746,2510,699,685,738,5292,-2,52,454
2024-05-19 10:47:02,666,4444,1486,241,758,372,4201,625,53,243
2024-05-18 22:59:02,653,5961,2630,303,1360,645,5642,-1,52,320
2024-05-18 08:16:02,656,5664,2084,314,1368,517,5178,198,42,486
2024-05-17 10:08:12,754,6366,1879,648,1311,610,5748,492,48,618
2024-05-16 15:46:02,759,5556,1467,453,1322,162,5200,989,48,356
2024-05-16 03:59:02,894,5250,1490,620,1360,166,4575,-3,47,675
2024-05-15 16:17:02,731,5797,1673,638,1298,264,5283,634,45,514
2024-05-15 04:29:02,640,5246,1469,631,1365,653,4804,-3,49,442
2024-05-14 16:38:02,562,5620,1875,637,1295,534,5671,722,47,-52
2024-05-14 04:55:02,632,5154,1445,635,1364,910,5033,-2,49,121
2024-05-13 16:56:02,557,5578,1777,454,1330,256,5182,760,49,396
2024-05-13 04:47:16,664,4701,1578,256,1358,232,4144,-2,57,557
2024-05-12 11:16:05,558,4615,1132,194,1360,308,4238,629,56,377
2024-05-11 23:26:07,655,5693,2183,294,1363,402,4952,-2,57,741
2024-05-11 11:26:19,503,4708,1391,209,1360,243,4726,965,55,-18
2024-05-10 23:38:19,644,5863,2079,298,1346,433,4855,-2,56,1008
2024-05-10 11:09:18,430,5229,1315,241,1334,661,5025,986,58,204
2024-05-09 16:29:17,668,6059,1895,280,1256,798,5300,348,55,760
2024-05-09 04:46:17,645,5154,1573,289,1351,1054,4961,-3,51,194
2024-05-08 16:59:17,650,6192,2078,435,1310,818,5652,307,55,539
2024-05-08 05:17:47,626,5118,1750,423,1331,766,4944,-2,50,174
2024-05-07 13:38:42,447,5159,1616,379,975,371,4739,904,44,419
2024-05-07 01:46:46,421,4170,1241,369,714,1473,4254,-2,39,-84
2024-05-06 13:59:45,435,3155,764,374,661,874,4249,1096,44,-1094
2024-05-06 02:17:39,444,3933,1466,360,659,1346,4317,-2,43,-384
2024-05-05 14:26:42,428,2896,698,347,658,55,3177,948,39,-281
2024-05-05 02:27:17,504,4210,1596,416,668,283,3509,-2,45,701
2024-05-04 14:38:17,481,4590,1414,361,670,2242,5908,695,45,-1318
2024-05-04 02:56:17,493,4344,1648,436,670,325,3614,-3,45,729
2024-05-03 15:08:16,500,4749,1808,392,670,445,4292,433,44,457
2024-05-03 03:16:16,512,4457,1691,395,669,475,3786,-3,47,671
2024-05-02 15:08:16,486,5015,1487,369,664,596,4304,654,48,711
2024-05-02 03:26:16,495,4489,1665,393,671,820,4089,-3,48,400
2024-05-01 15:29:16,496,4770,1399,366,671,847,4483,662,43,287
2024-05-01 03:46:16,538,4811,2042,420,669,1796,5510,-2,48,-699
2024-04-30 15:59:16,491,5425,1556,397,1323,2416,6887,645,55,-1463
2024-04-30 04:17:16,589,5007,1963,401,1364,2241,6608,-2,51,-1601
2024-04-29 16:29:16,634,5612,1929,406,1324,1607,6698,741,56,-1086
2024-04-29 04:46:16,659,4616,1842,422,1389,1008,5369,-2,51,-753
2024-04-28 16:59:16,520,4108,909,357,1387,207,4089,660,49,19
2024-04-28 05:17:16,601,4802,1761,385,1388,1022,5211,-2,55,-409
2024-04-27 17:29:16,506,5273,1808,377,1375,110,4696,472,49,576
2024-04-27 05:46:46,658,5246,1711,454,1378,14,4268,-2,55,978
2024-04-26 17:59:45,637,5993,1875,421,1361,252,5076,477,52,918
2024-04-26 06:16:40,740,5829,1728,399,1376,886,5180,-1,52,649
2024-04-25 18:29:39,746,6724,2156,410,1338,324,5184,159,51,1540
2024-04-25 06:47:33,730,5961,1666,400,1389,182,4428,6,56,1532
2024-04-24 18:59:33,655,6729,2455,411,1368,640,5745,161,54,984
2024-04-24 07:17:27,735,6644,2228,473,1392,1211,6112,18,54,532
2024-04-23 19:29:27,812,7329,2647,467,1389,1657,7030,3,55,299
2024-04-23 07:47:21,810,6827,2500,474,1398,336,5673,99,55,1154
2024-04-22 19:59:21,696,7113,2985,472,1358,229,5804,8,56,1309
2024-04-22 08:16:16,617,7116,3561,471,1384,289,6436,60,54,680
2024-04-21 20:30:15,756,6172,2277,432,1381,957,5863,-2,62,308
2024-04-21 08:47:15,711,4706,1771,412,1379,547,5339,458,60,-633
2024-04-20 20:59:15,836,6788,2324,421,1380,2061,7082,-2,59,-295
2024-04-20 09:16:14,736,5507,2093,413,1380,1332,6474,471,49,-967
2024-04-19 21:29:14,796,7156,2623,477,1362,563,5872,-1,52,1284
2024-04-19 09:46:14,596,6303,2069,415,1287,306,5326,602,51,977
2024-04-18 21:59:14,764,6908,2618,434,1365,909,6140,-2,52,768
2024-04-18 10:16:14,781,7134,3017,454,1283,464,6320,271,49,814
2024-04-17 22:30:14,809,6409,3002,490,1352,461,6153,-1,50,256
2024-04-17 10:46:14,777,6997,2523,469,1349,352,5744,223,50,1253
2024-04-16 22:59:44,586,6075,2386,420,1384,1877,6705,-2,52,-630
2024-04-16 11:16:39,772,5911,2355,450,1365,1271,7070,803,54,-1159
2024-04-15 23:29:38,590,5851,2317,406,1364,2173,6898,-1,50,-1047
2024-04-15 11:47:32,646,5732,2190,414,1362,246,5955,1042,54,-223
2024-04-14 23:59:32,468,5122,1950,393,1380,1618,5856,-2,48,-734
2024-04-14 12:17:26,391,3958,729,330,1384,17,3875,974,49,84
2024-04-14 00:30:25,579,5104,1596,406,1387,81,4097,-2,51,1007
2024-04-13 12:46:21,374,4606,1068,336,1388,185,4397,1000,46,209
2024-04-13 00:59:20,668,5312,1959,434,1385,650,5154,-2,60,158
2024-04-12 13:16:15,474,5329,1247,392,1358,1117,5747,1102,59,-418
2024-04-12 01:29:14,558,5269,1933,512,1388,1326,5773,-3,57,-504
2024-04-11 12:58:14,474,5293,1356,434,1356,858,5707,1164,58,-414
2024-04-11 00:55:14,650,5393,2027,470,1381,27,4611,-2,56,782
2024-04-10 13:08:14,472,5268,1766,439,1372,301,5595,1182,64,-327
2024-04-10 01:16:16,532,5295,1853,473,1379,157,4457,-2,60,838
2024-04-09 13:30:14,505,5232,1444,442,1375,301,5299,1170,62,-67
2024-04-09 01:38:18,655,5207,1964,492,1369,254,4793,-2,61,415
2024-04-08 13:54:14,507,5131,1304,442,1282,11,4671,1060,66,460
2024-04-08 01:29:14,635,4702,1886,500,1386,84,4551,-3,62,151
2024-04-07 13:26:14,476,4009,752,438,1394,497,4386,767,63,-378
2024-04-07 01:25:20,682,4876,1994,495,1386,155,4772,-2,64,104
2024-04-06 06:10:14,616,5146,2031,490,1379,124,4704,-2,66,442
2024-04-05 09:29:14,521,6390,2212,486,1307,201,5294,504,62,1097
2024-04-04 21:29:14,644,7108,3117,616,1371,106,5912,-1,58,1196
2024-04-04 09:08:42,566,6895,2396,568,1380,60,5302,261,64,1593
2024-04-03 21:25:36,625,7077,2697,583,1381,969,6319,-1,65,758
2024-04-03 09:29:12,536,6287,2264,573,1395,453,5907,620,67,380
2024-04-02 21:47:38,541,6822,2675,580,1397,1777,7035,0,61,-213
2024-04-02 09:38:12,556,6412,2383,565,1385,1085,6383,341,68,29
2024-04-01 21:56:12,589,6509,2363,580,1363,1083,6042,-1,64,468
2024-04-01 10:08:12,559,5930,2224,577,1308,151,5488,604,65,442
2024-03-31 22:25:11,635,5673,2158,650,1394,859,5765,-2,67,-92
2024-03-31 04:08:30,544,4723,1737,1032,1394,786,5556,0,64,-833
2024-03-30 14:29:28,451,4703,1099,988,1396,1484,6491,1006,66,-1788
2024-03-30 00:30:29,610,5481,1690,1189,1394,397,5342,-2,64,138
2024-03-29 10:08:28,546,5595,1320,1119,1324,1150,6526,1000,66,-930
2024-03-28 22:25:28,655,6528,2414,1537,1378,920,6969,-1,67,-441
2024-03-28 10:37:28,642,6765,2478,1248,1324,1323,7508,420,71,-743
2024-03-27 22:54:55,595,6281,2183,1590,1377,2033,7849,-1,68,-1568
2024-03-27 11:08:53,634,6509,1868,1310,1378,2084,7957,612,68,-1448
2024-03-26 23:26:47,630,6108,2138,1668,1384,1098,6983,-1,65,-875
2024-03-26 11:38:47,551,5913,1960,1296,1380,743,7131,1132,68,-1218
2024-03-25 23:56:41,615,6004,2113,1666,1370,2152,7982,-1,67,-1978
2024-03-25 12:08:41,548,6381,1453,1522,1311,2396,7789,490,68,-1407
2024-03-25 00:26:35,612,5204,1642,1201,1398,1223,6140,-2,67,-936
2024-03-24 12:30:43,548,4739,1021,1076,1397,440,5260,712,66,-522
2024-03-24 00:47:38,610,5260,1408,1155,1399,1826,6459,-2,67,-1199
2024-03-23 12:59:38,668,4851,1074,1035,1404,507,5743,984,67,-891
2024-03-23 01:17:32,756,5637,1694,1262,1381,161,5320,-1,65,317
2024-03-22 13:30:31,780,6096,1963,1280,1364,147,6498,895,69,-402
2024-03-22 01:47:27,830,5688,1869,1618,1383,323,6081,-2,60,-393
2024-03-21 14:00:27,864,6340,1797,1278,1336,625,6947,981,67,-607
2024-03-21 02:16:27,853,5703,2076,1619,1388,614,6616,-1,67,-913
2024-03-20 14:29:27,664,6408,1793,1600,1361,1384,7741,866,68,-1333
2024-03-20 02:47:27,707,5738,2019,1655,1395,873,6713,-1,65,-975
2024-03-19 14:59:27,845,6938,2288,1638,1352,358,7017,469,68,-79
2024-03-19 03:17:27,757,5620,1925,1621,1392,268,6027,-2,66,-407
2024-03-18 14:16:27,669,6481,2147,1622,1326,4,6635,795,66,-154
2024-03-18 02:29:27,768,4999,1876,1209,1395,560,5870,-2,64,-871
2024-03-17 14:46:27,663,4789,1887,1174,1397,528,6359,643,59,-1570
2024-03-17 03:00:27,743,5166,1778,1224,1397,134,5333,-2,58,-167
2024-03-16 15:17:27,672,5566,1991,1582,1391,-1,6362,671,57,-797
2024-03-16 03:29:27,733,5531,1877,1606,1386,243,5900,-1,57,-369
2024-03-15 15:46:27,800,6927,2467,1650,1358,330,6957,293,59,-30
2024-03-15 03:59:27,782,5595,1913,1617,1390,561,6320,-2,58,-725
2024-03-14 16:16:27,748,7353,2345,1656,1297,700,6915,112,57,438
2024-03-14 04:29:56,745,5711,1472,1612,1386,1241,6513,-1,59,-802
2024-03-13 16:47:50,863,7444,2072,1702,1380,350,6492,66,56,951
2024-03-13 05:00:49,792,5616,1416,1621,1391,146,5413,-1,48,203
2024-03-12 17:16:45,858,7244,2375,1668,1393,1312,7720,67,48,-476
2024-03-12 05:29:44,813,5799,1317,1621,1383,2368,7548,-1,49,-1749
2024-03-11 17:46:39,864,7432,2177,1381,1324,2584,8379,8,41,-948
2024-03-11 05:59:38,760,5643,1491,1280,1396,1469,6429,-1,30,-786
2024-03-10 18:17:32,715,6186,1995,1245,1405,1518,6909,2,30,-723
2024-03-10 06:29:32,719,5325,1467,1244,1402,470,5328,-1,29,-3
2024-03-09 18:46:27,746,7109,2448,1282,1399,82,5986,-2,29,1123
2024-03-09 07:00:27,748,5912,1707,1263,1400,167,5324,3,37,588
2024-03-08 19:16:27,762,7963,2608,1742,1376,28,6555,-1,40,1409
2024-03-08 07:29:27,749,7097,2361,1713,1400,654,6929,15,37,168
2024-03-07 19:47:27,770,8109,3066,1759,1375,311,7340,1,60,769
2024-03-07 07:59:27,683,7451,2379,1686,1380,786,7048,74,61,403
2024-03-06 20:16:27,753,7789,2578,1732,1368,174,6664,0,59,1125
2024-03-06 07:29:27,696,6969,2232,1695,1377,541,6611,12,54,358
2024-03-05 19:46:27,738,7683,2647,1708,1365,735,7250,-1,58,433
2024-03-05 07:59:27,664,7192,2171,1663,1387,1121,7124,61,57,69
2024-03-04 20:17:56,741,7691,2609,1713,1368,1115,7594,-1,50,97
2024-03-04 08:29:56,543,7030,2362,1676,1384,415,6787,350,55,244
2024-03-03 20:38:27,587,6644,2403,1683,1386,161,6272,-1,53,372
2024-03-03 08:08:42,563,5486,1968,1198,1386,24,5264,72,52,222
2024-03-02 20:25:37,538,6981,2038,1249,1366,958,6201,-1,52,780
2024-03-02 08:38:36,653,6278,2076,1212,1385,772,6249,97,55,29
2024-03-01 20:55:31,561,7378,2309,1669,1373,1725,7696,-1,60,-318
2024-03-01 09:08:31,604,7652,1993,1681,1351,1375,7135,73,57,517
2024-02-29 21:25:27,916,7286,2674,1680,1386,1006,7719,-1,57,-433
2024-02-29 09:38:27,742,7272,2220,1664,1342,425,6740,291,55,531
2024-02-28 21:48:27,868,7009,2416,1688,1393,627,7049,-1,58,-40
2024-02-28 09:59:28,827,6922,2238,1698,1393,146,6838,481,55,84
2024-02-27 22:16:27,755,6671,2444,1601,1386,538,6780,-1,57,-110
2024-02-27 10:30:27,744,6478,2096,1670,1339,117,6757,734,56,-279
2024-02-26 22:47:27,714,6300,1942,1663,1376,1426,7176,-1,57,-876
2024-02-26 10:59:27,704,6616,2058,1649,1367,970,7304,500,55,-689
2024-02-25 23:16:27,759,5495,1922,1662,1400,1710,7505,-1,53,-2010
2024-02-25 11:29:27,756,5382,1951,1634,1400,484,6548,276,48,-1166
2024-02-24 23:47:27,788,5548,1978,1665,1393,964,6840,-1,52,-1292
2024-02-24 12:00:27,838,5860,2171,1622,1393,280,6982,627,52,-1122
2024-02-24 00:17:57,897,5920,1814,1677,1391,937,6767,-1,52,-847
2024-02-23 12:29:57,862,6591,2214,1635,1388,358,7228,716,55,-637
2024-02-23 00:47:51,756,5857,1440,1641,1369,1881,7144,-1,56,-1287
2024-02-22 12:59:51,815,6397,1783,1454,1360,243,6650,942,55,-253
2024-02-22 01:17:45,907,5888,1605,1750,1387,147,5856,-2,57,32
2024-02-21 13:29:45,756,6806,2144,1685,1323,53,6495,477,56,311
2024-02-21 01:46:40,847,5728,1561,1710,1372,379,5924,-1,57,-196
2024-02-20 13:59:39,742,7036,2002,1646,1337,117,6472,570,58,564
2024-02-20 02:17:32,882,5632,1723,1614,1364,318,5951,-2,52,-319
2024-02-19 14:29:32,883,6920,2184,1424,1300,6,6424,570,57,496
2024-02-19 02:48:27,736,5107,1667,1507,1378,805,6143,-2,53,-1036
2024-02-18 14:59:27,864,5555,2311,1471,1400,657,7152,394,54,-1597
2024-02-17 16:47:27,787,6423,2409,1507,1399,15,6326,153,55,97
2024-02-17 04:59:27,736,5384,2146,1496,1396,209,6036,-2,55,-652
2024-02-16 17:16:55,740,7026,2473,1500,1382,849,7071,68,59,-45
2024-02-16 05:30:53,710,5823,2128,1490,1390,1730,7504,-1,57,-1681
2024-02-15 17:47:48,838,7426,2419,1511,1377,2146,8356,6,58,-930
2024-02-15 05:59:48,750,6123,2307,1472,1386,2527,8520,-1,59,-2397
2024-02-14 18:17:42,723,7761,2686,1505,1370,2531,8872,-1,59,-1111
2024-02-14 06:29:42,753,6217,1946,1479,1392,1841,7467,-1,58,-1250
2024-02-13 18:49:34,886,7814,2869,1522,1365,390,7090,0,58,723
2024-02-13 00:30:27,882,5711,1827,1484,1381,782,6412,-1,58,-702
2024-02-12 12:48:27,739,7039,2220,1470,1317,2530,8628,295,57,-1589
2024-02-12 00:59:28,700,5043,1574,1486,1395,2180,7386,-1,52,-2344
2024-02-11 13:16:27,857,5405,1746,1473,1393,2349,8142,271,54,-2737
2024-02-11 01:29:27,743,5086,1634,1475,1397,1158,6458,-1,53,-1373
2024-02-10 13:46:55,748,5899,2167,1480,1386,494,6660,331,55,-761
2024-02-10 01:59:54,739,5470,1692,1501,1394,1221,6601,-1,55,-1131
2024-02-09 14:16:49,744,6601,2016,1482,1356,1533,7704,518,56,-1103
2024-02-09 02:29:48,701,5467,1494,1496,1396,2103,7245,-1,57,-1778
2024-02-08 14:47:42,706,6674,2099,1504,1282,1706,7892,535,60,-1219
2024-02-08 02:59:42,849,5401,1845,1502,1398,1592,7241,-1,57,-1840
2024-02-07 15:16:37,719,6546,1628,1464,1347,1731,7487,543,57,-942
2024-02-07 03:29:37,742,5492,1485,1541,1404,1839,7069,-1,58,-1577
2024-02-06 15:46:31,812,6567,1836,1523,1387,1882,7969,467,58,-1402
2024-02-06 03:59:30,972,5495,1629,1548,1392,1780,7376,-1,57,-1881
2024-02-05 16:17:27,812,7058,1789,1579,1339,2351,8104,175,59,-1046
2024-02-05 04:29:27,872,5359,1260,1585,1402,2136,7307,-1,54,-1948
2024-02-04 16:46:27,802,6052,1307,1059,1399,1744,6448,72,58,-395
2024-02-04 04:59:27,943,5323,1326,1594,1401,1267,6588,-1,58,-1265
2024-02-03 17:16:27,956,7201,1930,1624,1393,1704,7680,9,66,-479
2024-02-03 05:29:27,954,5860,1442,1667,1394,789,6312,-1,66,-451
2024-02-02 17:46:27,966,7942,2219,1810,1380,557,7001,-1,69,940
2024-02-02 05:59:27,912,6444,1408,1803,1391,1327,6907,-1,67,-463
2024-02-01 18:17:27,977,8315,2488,1849,1368,943,7695,-1,70,620
2024-02-01 06:26:14,956,6951,1708,1842,1399,232,6204,-1,68,747
2024-01-31 12:17:31,936,7180,1780,1814,1337,58,6915,922,68,265
2024-01-30 16:17:14,1015,7331,1945,1837,1380,68,6529,214,69,803
2024-01-30 02:59:23,970,6030,1652,1776,1399,1048,6914,-1,70,-884
2024-01-29 08:59:41,961,8283,2498,1855,1398,1418,8345,144,72,-63
2024-01-28 21:16:36,848,6826,2107,1848,1403,2031,8307,-1,73,-1481
2024-01-28 09:30:34,885,6238,2241,1413,1401,659,6856,196,62,-618
2024-01-27 21:47:29,874,6922,2407,1685,1406,1228,7661,-1,60,-738
2024-01-27 09:59:29,901,7344,2605,1817,1397,102,7047,163,59,297
2024-01-26 22:17:23,907,6935,2670,1858,1390,513,7397,-1,60,-461
2024-01-26 10:29:23,850,7777,2422,1839,1324,847,7851,507,62,-75
2024-01-25 22:47:17,839,6682,2181,1841,1385,1438,7742,-1,58,-1060
2024-01-25 10:59:17,921,7928,2460,1860,1355,859,7838,324,60,90
2024-01-24 23:16:14,878,6548,2309,1820,1399,2051,8516,-1,61,-1968
2024-01-24 11:30:14,961,7617,2620,1913,1395,186,7483,345,61,135
2024-01-23 23:46:14,988,6623,2304,1903,1382,117,6753,-1,61,-131
2024-01-23 11:59:14,965,8190,2828,1885,1318,478,7833,298,61,358
2024-01-23 00:16:14,947,6646,2129,1904,1369,367,6802,26,61,-156
2024-01-22 12:29:14,952,7958,2735,1881,1299,139,7450,389,56,509
2024-01-22 00:46:14,860,5889,1582,1805,1386,623,6315,-1,60,-426
2024-01-21 12:55:14,878,6180,2672,1843,1383,411,7633,387,59,-1453
2024-01-21 00:55:14,845,5903,1655,1724,1380,504,6165,-1,58,-262
2024-01-20 12:47:29,835,7292,2205,1738,1385,1867,8346,257,56,-1055
2024-01-20 00:59:29,837,6102,1556,1760,1379,2033,7621,-1,57,-1519
2024-01-19 13:16:24,893,7743,2108,1765,1360,656,7174,346,46,569
2024-01-19 01:29:23,852,5953,1389,1663,1368,1920,7251,-1,59,-1298
2024-01-18 13:46:18,885,7946,2085,1792,1334,819,7212,242,56,734
2024-01-18 01:57:19,868,5880,1274,1708,1390,1793,7090,-1,58,-1210
2024-01-17 14:08:20,905,7725,2259,1855,1399,777,7509,256,59,215
2024-01-17 02:27:14,899,5931,1335,1759,1398,307,5755,-1,59,176
2024-01-16 14:38:14,748,7254,1771,1805,1398,746,7091,558,61,164
2024-01-16 02:55:14,849,5963,1321,1729,1398,1205,6560,-1,59,-597
2024-01-15 15:08:14,837,7851,2071,1841,1335,1214,7487,131,60,363
2024-01-15 03:25:14,851,5481,1534,1835,1402,735,6413,-2,59,-932
2024-01-14 15:38:14,877,6291,1567,1803,1397,1324,7251,219,59,-960
2024-01-14 03:55:14,872,5777,1294,1846,1399,1108,6578,-1,60,-801
2024-01-13 16:08:14,943,7258,1726,1843,1398,1189,7269,113,58,-11
2024-01-13 04:25:14,970,6096,1294,1873,1397,320,5912,-2,60,183
2024-01-12 10:08:26,1083,8481,2496,1873,1306,1513,8457,127,57,25
2024-01-11 22:25:21,930,7290,1702,1851,1387,1752,7677,-1,56,-387
2024-01-11 10:37:21,944,8112,2113,1846,1325,646,7499,567,57,613
2024-01-10 22:55:15,893,6966,1622,1852,1389,1436,7248,-1,57,-282
2024-01-10 11:08:20,954,7952,1996,1880,1362,792,7623,580,59,329
2024-01-09 23:25:20,880,6589,2114,1873,1394,1941,8253,-1,52,-1664
2024-01-09 11:38:20,882,8251,2418,1894,1380,2218,9070,225,53,-819
2024-01-08 22:17:42,909,7226,2485,1861,1370,2220,8900,0,54,-1673
2024-01-08 09:38:34,910,8286,2356,1785,1360,2440,8943,32,57,-658
2024-01-07 21:55:29,836,6316,2457,1616,1385,666,7012,-1,53,-696
2024-01-07 10:08:28,854,5822,2614,1662,1373,1033,7655,66,54,-1834
2024-01-06 22:25:23,842,6022,2156,1602,1389,1199,7242,-1,55,-1220
2024-01-06 10:38:22,742,5853,2106,1637,1380,1077,7180,182,55,-1327
2024-01-05 22:55:20,812,6293,2472,1593,1398,290,6616,-1,53,-324
2024-01-05 11:09:15,698,6422,2197,1537,1386,1435,7995,690,52,-1574
2024-01-04 23:16:22,865,6113,2311,1654,1389,1913,8186,-1,54,-2072
2024-01-04 10:18:31,871,6969,2288,1592,1363,1827,8271,274,56,-1302
2024-01-03 10:16:06,872,7023,2395,1462,1318,1190,7362,94,31,-339
2024-01-02 22:29:06,845,5610,2095,1418,1398,458,6244,-1,32,-634
2024-01-02 10:46:05,855,5590,2515,1457,1390,126,6595,220,32,-1005
2024-01-01 20:59:05,733,5626,2165,1411,1392,2084,7816,-1,31,-2190
2024-01-01 09:08:04,795,4574,1315,1296,1394,445,5369,92,31,-796
2023-12-31 16:08:13,848,5824,2626,1628,1395,100,6692,66,30,-868
2023-12-31 04:25:08,839,4694,1296,1602,1396,502,5665,-2,32,-971
2023-12-30 16:38:07,1007,6642,2796,1656,1371,423,7288,2,31,-646
2023-12-29 19:47:23,1005,6934,2818,1705,1340,353,7264,0,44,-331
2023-12-28 15:30:20,865,6234,2247,1725,1369,608,7063,207,40,-829
2023-12-28 03:08:39,846,4989,1561,1705,1382,501,6038,-1,46,-1050
2023-12-27 15:26:33,855,5807,1979,1699,1368,339,6514,232,42,-707
2023-12-27 03:38:33,849,4602,1483,1615,1395,1656,7044,-2,48,-2442
2023-12-26 15:55:28,869,5201,1391,1762,1397,332,5876,74,48,-675
2023-12-26 04:09:26,811,4557,1125,1619,1396,1091,6091,-1,48,-1533
2023-12-25 16:25:22,891,5179,1474,1772,1396,1513,7115,23,48,-1936
2023-12-25 03:29:31,816,4675,1079,1525,1394,980,5835,-1,43,-1160
2023-12-24 15:47:25,1110,6226,1701,1809,1400,356,6506,88,41,-281
2023-12-24 04:00:24,1037,5159,1318,1794,1392,704,6289,-1,45,-1130
2023-12-23 16:17:19,1024,7276,2872,1835,1395,944,8135,16,49,-859
2023-12-23 04:29:19,973,5336,1430,1700,1395,1760,7288,0,31,-1953
2023-12-22 16:48:12,877,7696,2242,1876,1372,2364,8762,1,30,-1065
2023-12-22 04:59:13,973,5858,1373,1806,1395,1358,6946,-1,41,-1088
2023-12-21 17:17:10,1022,8081,2013,1884,1337,213,6511,0,42,1570
2023-12-21 05:29:10,867,5977,1440,1805,1395,1414,6963,-1,41,-985
2023-12-20 17:46:10,1025,8279,2323,1906,1380,1002,7675,-1,40,604
2023-12-20 05:59:10,1039,6309,1608,1826,1398,528,6439,-1,39,-130
2023-12-19 18:16:10,1014,8267,2308,1868,1383,450,7061,-1,39,1206
2023-12-19 06:29:10,1020,6737,1687,1858,1394,77,6074,-1,40,663
2023-12-18 18:47:10,743,8284,2263,1566,1369,1720,7718,-1,59,566
2023-12-18 06:59:10,759,7050,1707,1426,1397,1341,6684,-1,55,365
2023-12-17 19:17:10,675,7286,2220,1463,1397,1673,7485,0,58,-199
2023-12-17 07:29:10,677,5927,1871,989,1398,915,5905,-1,55,22
2023-12-16 19:46:37,735,7641,2530,1591,1395,502,6813,0,59,829
2023-12-16 07:46:09,791,6673,2212,1862,1394,1630,7957,-1,61,-1284
2023-12-15 19:59:09,951,7995,2494,1896,1379,1533,8312,-1,59,-316
2023-12-15 08:16:09,1004,7945,2410,1871,1392,845,7580,2,56,366
2023-12-14 20:29:09,975,7985,2326,1820,1367,1288,7830,0,55,154
2023-12-14 08:47:36,1110,8182,2444,1745,1399,720,7503,25,60,679
2023-12-13 20:57:38,1082,7904,2182,1743,1380,2062,8488,-1,41,-584
2023-12-13 08:59:09,1090,8340,2066,1796,1391,450,6882,45,42,1458
2023-12-12 21:08:09,1092,7803,1501,1752,1391,1266,7048,-1,46,755
2023-12-12 09:08:09,1162,8408,2009,1781,1388,745,7214,80,50,1194
2023-12-11 21:25:09,1275,7707,2423,1791,1385,233,7164,-1,57,543
2023-12-11 09:37:09,1128,8207,2056,1756,1308,216,6591,75,49,1616
2023-12-10 21:56:09,1060,6658,2406,1798,1394,12,6724,-1,54,-66
2023-12-10 10:08:09,1098,6503,2366,1814,1393,37,6826,59,59,-323
2023-12-09 22:25:09,1006,6767,2166,1778,1391,529,6928,-1,59,-161
2023-12-09 10:38:09,987,7472,2290,1806,1390,1353,7959,79,54,-486
2023-12-08 22:55:09,1062,6850,2193,1776,1380,1481,7956,-1,58,-1105
2023-12-08 10:38:10,1068,8575,3005,1780,1291,1022,8289,64,59,286
2023-12-07 22:55:09,1047,6780,2219,1758,1374,946,7402,-1,60,-622
2023-12-07 11:08:09,1060,8623,2096,1756,1373,1592,8018,79,58,605
2023-12-06 23:26:09,1046,6533,1907,1750,1375,1861,7996,-1,58,-1463
2023-12-06 11:38:09,1069,7811,2375,1727,1319,979,7733,210,54,78
2023-12-05 23:46:08,1070,6399,2145,1730,1381,341,6721,-1,54,-322
2023-12-05 11:55:08,965,8142,1975,1772,1343,1366,7652,179,52,490
2023-12-05 00:08:08,1048,6283,1902,1814,1380,247,6450,-1,52,-168
2023-12-04 12:25:08,1065,7799,2133,1779,1387,56,6835,361,51,964
2023-12-04 00:38:08,1066,5473,1808,1710,1386,810,6829,-1,49,-1356
2023-12-03 12:56:08,1082,6078,2110,1700,1395,329,6786,122,43,-707
2023-12-03 01:08:08,970,5241,1622,1668,1398,1513,7216,-1,45,-1975
2023-12-02 13:25:08,1074,6408,2050,1746,1397,941,7372,129,48,-965
2023-12-02 01:38:08,1073,5214,1684,1737,1393,1327,7263,0,49,-2049
2023-12-01 13:55:08,1037,6525,1659,1724,1395,1430,7464,182,38,-939
2023-12-01 02:08:08,1077,5345,1412,1709,1396,1599,7230,-1,38,-1886
2023-11-30 14:25:33,956,6526,1516,1781,1378,153,6080,247,49,445
2023-11-29 05:07:25,948,5968,1468,1649,1381,1513,7038,-1,54,-1070
2023-11-28 17:25:19,974,8214,1975,1749,1347,1558,7654,0,51,560
2023-11-28 05:38:18,978,5962,1618,1684,1373,505,6204,-1,47,-243
2023-11-27 17:47:21,1016,8189,1949,1754,1310,721,6802,0,52,1387
2023-11-27 05:59:21,1005,5783,1575,1595,1204,603,6024,-1,43,-241
2023-11-26 18:19:13,1002,6854,2668,1658,980,600,6949,-1,44,-95
2023-11-26 06:29:15,945,5370,2539,1570,752,519,6367,0,43,-997
2023-11-25 18:46:11,996,7435,1843,1663,676,2374,7598,0,46,-162
2023-11-25 06:59:11,956,5940,1437,1568,674,175,4854,0,44,1086
2023-11-24 19:16:11,1045,7657,1880,1646,665,1043,6327,0,48,1330
2023-11-24 07:29:11,983,7019,1721,1667,681,2367,7473,0,54,-454
2023-11-23 19:46:11,1053,7878,2043,1673,669,2301,7791,-1,53,87
2023-11-23 07:59:11,1139,7506,2322,1710,676,0,5905,4,54,1602
2023-11-22 20:17:11,968,7596,1970,1596,670,1937,7197,0,56,399
2023-11-22 08:29:11,1116,7731,1989,1524,681,1003,6378,12,54,1354
2023-11-21 20:47:11,1081,7383,2278,1556,675,211,5856,0,56,1527
2023-11-21 08:59:11,1099,7269,2283,1533,681,540,6345,154,54,924
2023-11-20 21:17:38,1112,7405,2592,1547,666,239,6216,0,60,1189
2023-11-20 06:25:11,944,5991,1618,1502,1380,368,5865,-1,55,126
2023-11-19 18:38:11,1088,6750,2401,1498,1092,1368,7501,0,54,-751
2023-11-18 23:38:11,942,5607,2969,1348,706,1457,7473,-1,53,-1866
2023-11-18 11:38:16,952,6937,2191,1410,1391,1462,7583,124,53,-646
2023-11-17 23:47:19,1062,5959,2209,1426,1387,435,6574,-1,55,-615
2023-11-17 11:59:19,1055,7327,2147,1459,1370,490,6813,238,55,513
2023-11-17 00:17:13,1036,5727,1489,1446,1387,26,5438,0,54,289
2023-11-16 12:29:13,852,6416,1942,1408,1311,235,6356,555,52,60
2023-11-16 00:46:11,945,5584,1268,1412,1403,1272,6347,-1,49,-763
2023-11-15 12:59:11,1098,7261,1930,1389,1387,59,6071,172,37,1190
2023-11-15 01:16:11,985,5436,1310,1386,1397,866,5989,-1,43,-553
2023-11-14 13:29:11,750,6901,1247,1414,1387,1956,7197,391,52,-297
2023-11-14 01:47:11,952,5416,1288,1391,1384,554,5615,-1,47,-199
2023-11-13 13:59:11,938,6697,1657,1379,1347,25,5934,537,51,763
2023-11-13 01:59:11,746,4765,1267,1390,1393,308,5143,-1,40,-379
2023-11-12 14:08:11,884,5136,1389,1321,1392,2574,8051,447,39,-2915
2023-11-12 02:25:11,701,4956,1388,1353,1396,2527,7402,-1,38,-2446
2023-11-11 14:38:11,821,6229,1684,1401,1390,677,6104,83,48,125
2023-11-11 02:55:11,899,5234,1202,1318,1390,1449,6305,0,46,-1072
2023-11-10 14:29:37,876,6796,1534,1407,1350,2348,7850,285,50,-1055
2023-11-10 02:46:32,874,5299,1342,1325,1387,588,5554,0,39,-256
2023-11-09 14:56:34,811,6311,1597,1362,1326,129,5756,476,52,554
2023-11-09 02:38:10,949,5205,1609,1309,1390,815,6114,-1,44,-909
2023-11-08 14:29:26,920,6741,1098,1336,1388,1957,6833,84,50,-92
2023-11-08 02:46:21,1007,5278,1287,1313,1382,959,5998,0,51,-721
2023-11-07 14:59:20,886,6347,1321,1329,1315,282,5463,266,57,884
2023-11-07 03:16:15,925,5146,1269,1374,1391,239,5248,-1,50,-102
2023-11-06 15:29:15,729,6407,1037,1337,1338,1600,6428,331,57,-22
2023-11-06 03:47:09,868,4633,981,1177,1388,2232,6684,0,39,-2051
2023-11-05 15:59:09,703,5389,1311,1288,1386,1674,6520,120,36,-1131
2023-11-05 04:17:09,612,4682,971,1233,1386,2078,6316,-1,37,-1635
2023-11-04 16:30:09,813,6128,1490,1298,1389,2162,7201,12,37,-1073
2023-11-04 04:46:09,791,5062,1045,1239,1387,999,5498,0,37,-436
2023-11-03 16:59:09,866,7074,1487,1384,1368,2125,7280,7,44,-206
2023-11-03 05:17:09,859,5263,1240,1357,1382,356,5235,0,40,27
2023-11-02 17:29:09,723,7179,1259,1387,1308,839,5561,0,44,1618
2023-11-02 05:46:09,835,5409,1204,1298,1393,328,5093,-1,35,316
2023-11-01 17:59:08,652,7175,1045,1327,1371,1620,6058,1,42,1117
2023-11-01 06:17:37,830,5648,1325,1321,1400,731,5643,0,36,5
2023-10-31 18:29:37,879,7287,1222,1328,1377,2011,6860,0,44,427
2023-10-31 06:47:31,928,5855,1479,1357,1397,749,5952,-1,42,-97
2023-10-30 18:59:31,930,7253,1397,1331,1366,1579,6650,0,46,604
2023-10-30 07:18:24,940,6101,1246,1368,1378,461,5445,16,36,657
2023-10-29 19:29:25,902,6063,1340,808,1372,132,4595,1,39,1468
2023-10-29 06:46:21,752,4763,1086,860,1381,346,4464,0,37,299
2023-10-28 18:59:21,948,6594,1228,859,1374,1060,5508,0,39,1086
2023-10-28 07:16:20,929,5568,1111,1286,1384,2252,6996,0,35,-1428
2023-10-27 19:29:20,1017,7211,1298,1276,1359,1297,6298,0,51,913
2023-10-27 07:47:20,943,6564,1377,1368,1383,718,5826,0,37,738
2023-10-26 19:59:20,942,7096,1512,1352,1316,814,5992,1,55,1104
2023-10-26 08:17:20,885,6727,1198,1319,1392,720,5592,20,50,1136
2023-10-25 20:29:20,934,7279,1267,1322,1396,2224,7195,0,52,83
2023-10-25 08:47:20,962,6958,1407,1335,1398,1538,6730,41,49,228
2023-10-24 20:59:20,916,6963,1347,1321,1387,428,5446,0,46,1518
2023-10-24 09:16:20,938,6927,1382,1329,1373,120,5382,192,48,1545
2023-10-23 21:30:50,912,6742,1341,1387,1389,240,5319,0,49,1423
2023-10-23 09:47:45,957,6774,1480,1378,1300,68,5503,273,48,1270
2023-10-22 21:59:45,849,5794,1228,1314,1398,480,5315,0,48,478
2023-10-22 10:08:48,776,5019,1295,1288,1398,539,5567,221,47,-548
2023-10-21 22:16:20,932,5863,1361,1344,1400,505,5585,-1,46,278
2023-10-21 10:17:20,879,5779,1271,1231,1398,1185,6434,424,47,-655
2023-10-20 22:29:20,877,6322,1362,1374,1383,1052,6095,-1,48,226
2023-10-20 10:47:20,888,6612,1498,1389,1372,457,6020,368,47,592
2023-10-19 22:55:20,834,6234,1009,1350,1396,2338,6976,0,50,-742
2023-10-19 11:00:20,810,6552,1214,1351,1362,1695,6934,454,47,-382
2023-10-18 23:08:20,882,6027,1382,1340,1388,696,5739,-1,46,288
2023-10-18 10:25:20,630,6648,1344,1297,1387,172,5374,495,50,1274
2023-10-17 22:39:20,856,6265,1337,1358,1395,172,5168,0,50,1097
2023-10-17 10:55:20,900,6369,1181,1270,1282,18,5187,486,50,1183
2023-10-16 23:08:20,924,5892,1332,1330,1381,204,5219,0,48,673
2023-10-16 11:17:20,932,6321,1263,1255,1359,1772,7154,524,49,-833
2023-10-15 23:29:20,933,5079,1190,1169,1383,614,5336,0,47,-256
2023-10-15 11:38:20,927,5117,1184,1152,1393,403,5597,488,50,-480
2023-10-14 23:55:20,917,5011,1038,1151,1390,1369,5913,0,49,-902
2023-10-14 12:09:20,720,4754,867,1112,1389,313,5163,716,48,-410
2023-10-14 00:16:21,916,5376,1345,1278,1378,72,5047,0,57,328
2023-10-13 11:46:48,862,6450,1663,1269,1298,125,5732,454,61,718
2023-10-12 23:59:47,906,5383,1274,1226,1378,1437,6274,-1,54,-891
2023-10-12 12:08:50,889,5642,1204,1206,1345,669,6092,737,43,-450
2023-10-11 20:08:20,960,7277,1516,1235,1389,731,5883,0,53,1394
2023-10-11 07:38:49,969,6486,1394,1263,1390,127,5208,8,53,1278
2023-10-10 19:55:44,936,7190,1369,1228,1387,668,5639,0,52,1551
2023-10-10 08:08:43,850,6637,1330,1278,1390,546,5467,34,40,1170
2023-10-09 20:25:38,970,7154,1582,1325,1368,297,5583,1,41,1571
2023-10-09 08:38:37,931,6384,1308,1297,1381,351,5492,183,41,892
2023-10-08 20:55:32,916,5912,1306,1314,1383,1737,6698,0,43,-786
2023-10-08 09:07:32,929,4754,1142,1219,1382,1296,6192,194,40,-1438
2023-10-07 21:25:26,944,6063,1100,1245,1382,1971,6684,-2,44,-621
2023-10-07 09:38:25,659,5318,1188,1204,1385,527,5412,403,46,-94
2023-10-06 21:55:20,774,6196,1376,1297,1377,245,5118,0,50,1078
2023-10-06 10:09:20,892,6161,1356,1197,1327,734,5905,345,48,256
2023-10-05 22:25:20,881,5988,1316,1323,1370,738,5675,0,47,313
2023-10-05 10:39:20,749,6112,1198,1208,1301,657,5671,512,46,441
2023-10-04 21:56:20,786,6248,1556,1235,1378,391,5390,0,45,858
2023-10-04 10:08:20,605,6038,1519,1168,1382,335,5541,488,43,497
2023-10-03 22:25:20,802,5842,1271,1243,1385,812,5553,0,41,289
2023-10-03 10:37:20,585,5835,1325,1078,1359,16,4980,577,41,855
2023-10-02 22:55:20,550,5508,1184,1239,1374,1007,5399,0,45,109
2023-10-02 10:56:20,761,5884,1142,1199,1341,1134,6054,431,45,-170
2023-10-01 23:08:20,799,4978,1340,1219,1388,1885,6673,0,42,-1695
2023-10-01 11:25:20,610,4434,1138,1087,1381,1208,6060,591,43,-1626
2023-09-30 23:38:20,710,4940,1220,1275,1380,251,4880,0,43,60
2023-09-30 11:55:21,667,5098,600,1123,1385,1699,6259,736,48,-1161
2023-09-30 00:08:20,1064,5267,1249,1301,1367,605,5634,0,44,-367
2023-09-29 12:25:49,938,5654,942,1138,1352,1410,6583,759,45,-930
2023-09-29 00:29:20,800,5284,1014,1286,1374,1548,6066,0,45,-782
2023-09-28 11:59:40,774,5784,1183,1132,1333,1598,6828,772,36,-1044
2023-09-28 00:16:35,925,5322,1163,1302,1371,1485,6277,0,31,-956
2023-09-27 12:25:38,697,5848,1164,1215,1369,2328,7529,725,30,-1681
2023-09-26 23:39:38,724,5517,1176,1293,1373,1832,6431,-1,35,-914
2023-09-26 11:55:34,708,5946,1195,1149,1351,2206,7425,780,35,-1479
2023-09-25 23:38:20,686,5410,964,1286,1362,1719,6052,0,35,-643
2023-09-25 11:47:20,795,6087,1213,1058,1338,1963,7057,655,35,-970
2023-09-24 13:38:38,721,4825,719,717,1379,535,4701,596,34,124
2023-09-24 01:10:19,857,4756,1098,1190,1378,1019,5575,-1,34,-818
2023-09-23 13:08:33,858,5437,1323,1103,1377,652,6089,743,34,-652
2023-09-23 01:17:36,728,5148,1173,1157,1379,1425,5894,-1,34,-746
2023-09-22 13:25:40,587,6087,1281,1129,1354,1299,6414,729,35,-328
2023-09-22 01:38:39,771,5101,1061,1100,1376,1098,5441,0,35,-339
2023-09-21 13:56:33,967,6100,1420,1139,1308,81,5590,641,36,509
2023-09-21 02:08:33,847,4936,1158,1087,1367,17,4510,0,34,425
2023-09-20 14:26:27,825,5919,1364,1097,1367,46,5398,666,33,521
2023-09-20 02:38:27,1027,4871,1114,1095,1360,559,5188,0,34,-317
2023-09-19 14:56:21,1040,6237,1480,1038,1306,366,5677,412,35,560
2023-09-19 03:08:21,833,4878,1187,963,1365,122,4504,0,33,375
2023-09-18 14:46:19,841,5868,1428,1080,1308,538,5916,684,31,-48
2023-09-18 02:59:19,924,4467,1045,1086,1355,178,4616,-1,30,-149
2023-09-17 15:17:48,759,4687,1176,647,1357,762,5178,447,30,-492
2023-09-17 03:29:47,758,4591,967,1076,1361,595,4795,0,38,-204
2023-09-16 15:47:41,740,5601,1070,1054,1364,1083,5710,358,41,-109
2023-09-16 03:59:41,773,4869,1182,1076,1360,416,4849,0,41,20
2023-09-15 16:17:35,732,6461,1510,1118,1308,47,5116,363,37,1346
2023-09-15 04:29:35,535,4944,1126,1075,1359,1245,5380,0,40,-435
2023-09-14 16:47:30,722,6358,1301,1011,1342,1731,6445,295,44,-88
2023-09-14 04:59:29,718,5063,1135,1079,1371,1285,5640,0,51,-577
2023-09-13 17:08:32,643,6470,1285,1045,1351,1336,6120,409,50,351
2023-09-13 05:25:28,837,5118,1204,1110,1370,205,4776,0,50,342
2023-09-12 17:38:27,858,6403,1473,1054,1367,745,5853,312,45,550
2023-09-12 05:55:22,884,5231,1283,1148,1369,106,4834,0,44,397
2023-09-11 18:08:21,771,6385,1396,1095,1370,259,5150,218,40,1235
2023-09-11 06:26:18,896,5169,1237,1120,1370,78,4737,0,37,432
2023-09-10 18:38:18,745,5350,1474,766,1378,691,5210,117,40,140
2023-09-10 06:08:18,760,4546,999,1140,1368,814,5122,0,40,-575
2023-09-09 18:25:18,908,5806,1575,1031,1370,769,5854,162,39,-48
2023-09-09 06:38:18,827,4899,1406,1102,1371,357,5103,0,40,-203
2023-09-08 18:56:45,916,6351,1815,1109,1357,448,5756,70,41,595
2023-09-08 07:08:45,793,5716,1368,1098,1371,1619,6295,3,43,-579
2023-09-07 19:25:40,1154,6673,1765,1176,1352,310,5811,7,48,862
2023-09-07 07:37:40,919,5985,1583,1111,1372,954,6027,45,42,-42
2023-09-06 19:56:33,962,6778,1804,1117,1365,394,5690,0,47,1088
2023-09-06 08:09:32,895,6217,1695,1092,1374,1073,6319,149,41,-102
2023-09-05 20:25:28,1049,6970,2037,1145,1365,712,6358,0,46,612
2023-09-05 08:38:27,911,6392,1822,1004,1370,2125,7503,229,41,-1111
2023-09-04 20:55:22,805,6852,1364,1030,1349,2285,6883,0,44,-31
2023-09-04 09:08:21,859,6440,1439,1038,1326,980,5828,151,35,612
2023-09-03 21:25:18,1029,5839,1348,1023,1351,418,5206,1,36,633
2023-09-03 09:38:18,861,4611,1073,981,1336,18,4760,456,36,-149
2023-09-02 21:56:19,1060,6124,1299,1016,1357,32,4803,0,39,1321
2023-09-02 10:08:18,868,5289,1181,981,1361,476,5385,484,34,-96
2023-09-01 22:26:18,1183,6237,1260,1016,1350,393,5237,0,36,1000
2023-09-01 10:38:18,881,6094,1242,1000,1362,363,5526,642,36,568
2023-08-31 06:25:43,821,5375,1337,1110,1355,109,4765,0,34,610
2023-08-30 18:38:42,1037,6972,1419,1034,1349,1028,6019,119,35,954
2023-08-30 06:46:46,900,5607,1300,1062,1352,763,5414,1,35,194
2023-08-29 18:59:45,1066,7215,1470,984,1337,783,5721,46,37,1494
2023-08-29 07:17:39,985,6112,1372,1013,1345,188,4961,23,35,1151
2023-08-28 19:29:39,1103,7621,2057,1023,1338,429,6009,22,37,1612
2023-08-28 07:29:18,1071,6017,1321,1008,1358,318,5148,46,28,869
2023-08-27 19:48:44,1069,6465,1477,1043,1360,413,5399,5,32,1066
2023-08-27 07:59:45,1054,4914,1220,975,1358,86,4844,121,30,71
2023-08-26 20:17:39,1062,6991,1331,992,1345,981,5745,0,35,1246
2023-08-26 08:29:39,954,5693,1288,1000,1364,318,5189,230,34,504
2023-08-25 20:46:34,1116,7656,1680,1093,1346,626,5902,0,41,1754
2023-08-25 08:59:33,1063,6800,1450,1023,1352,4,5260,329,38,1540
2023-08-24 21:17:27,1202,7702,1795,1111,1348,393,5889,0,39,1813
2023-08-24 09:29:27,1187,7046,1588,1016,1265,112,5608,404,35,1438
2023-08-23 21:38:30,1214,7605,2522,1087,1356,510,6733,0,43,872
2023-08-23 09:55:25,1172,7126,1696,999,1353,37,5794,499,38,1332
2023-08-22 22:08:24,1202,7230,2499,1094,1342,157,6336,0,41,894
2023-08-22 10:26:18,1068,6971,1845,1035,1332,344,6273,614,34,698
2023-08-21 22:38:18,1064,6835,2156,1091,1346,250,5942,0,35,894
2023-08-21 10:47:21,1072,6749,1891,1006,1335,417,6404,646,36,345
2023-08-20 22:59:21,1060,5870,1793,1002,1361,209,5458,0,34,412
2023-08-20 11:16:18,932,5164,1598,891,1364,708,6217,692,32,-1053
2023-08-19 23:29:18,984,5767,1707,1110,1361,96,5292,0,34,475
2023-08-19 11:47:18,1071,5742,1719,933,1366,473,6282,684,35,-540
2023-08-18 23:59:18,1040,5797,1694,1052,1364,447,5633,0,36,164
2023-08-18 12:17:18,871,6372,1702,949,1290,703,6272,730,27,100
2023-08-18 00:29:18,931,5560,1475,1060,1312,494,5305,0,31,255
2023-08-17 12:47:18,1088,6406,1717,947,1339,876,6753,769,31,-348
2023-08-17 00:25:31,911,5501,1631,1073,1348,1189,6180,0,28,-679
2023-08-16 12:38:30,786,6511,1750,926,1273,2104,7331,465,28,-820
2023-08-16 00:55:25,914,4972,1656,1077,1363,1036,6077,0,32,-1106
2023-08-15 13:08:24,714,5152,1579,922,1359,2284,7493,604,31,-2341
2023-08-15 01:25:19,884,4950,1642,1090,1360,1337,6340,0,27,-1390
2023-08-14 13:38:18,722,5350,1580,944,1366,869,6335,826,28,-985
2023-08-14 01:55:18,907,4569,1502,968,1365,178,4950,0,30,-381
2023-08-13 14:08:18,691,4356,894,854,1365,206,4830,769,30,-473
2023-08-13 02:25:18,742,4534,1572,956,1364,312,4977,0,30,-443
2023-08-12 14:38:18,759,4935,1051,197,1363,127,4197,668,32,738
2023-08-12 02:55:18,727,4789,1322,399,1361,1377,5224,0,37,-435
2023-08-11 15:08:18,744,5875,1374,1076,1314,1459,6566,561,39,-691
2023-08-11 03:25:18,954,4873,1513,1150,1324,610,5588,0,38,-715
2023-08-10 15:38:18,820,5975,1772,1094,1022,580,5846,525,32,129
2023-08-10 03:55:48,792,4801,1352,1176,678,694,4718,0,27,83
2023-08-09 16:08:47,941,5704,1760,1125,665,260,5443,665,27,261
2023-08-09 03:37:31,945,4799,1478,1194,679,377,4698,0,26,100
2023-08-08 15:55:25,632,5756,1636,1069,644,473,5082,596,33,674
2023-08-08 04:08:24,637,4814,1398,1078,1352,636,5136,0,28,-322
2023-08-07 16:28:18,648,5812,1374,1123,1321,580,5646,573,27,166
2023-08-07 04:38:18,631,4454,936,1091,1349,2077,6108,0,25,-1653
2023-08-06 16:55:18,748,5385,938,1001,1351,869,5287,346,28,98
2023-08-06 05:08:18,901,4899,1267,1037,1353,918,5507,0,31,-608
2023-08-05 17:26:18,899,6187,1378,1078,1354,1674,6877,462,32,-689
2023-08-05 05:38:18,677,5165,1059,1172,1356,904,5200,0,33,-35
2023-08-04 17:55:18,959,7235,1613,1165,1335,1092,6554,358,32,681
2023-08-04 06:08:18,966,5446,1292,1204,1346,303,5143,0,32,303
2023-08-03 18:26:18,1048,6957,1915,1175,1317,339,6078,253,31,879
2023-08-03 02:07:29,1095,5228,1273,1146,1355,192,5100,0,34,128
2023-08-02 14:25:23,837,6458,1569,1110,1314,631,6134,640,31,324
2023-08-02 00:40:22,1067,5409,1321,1205,1363,370,5361,0,35,49
2023-08-01 08:27:17,937,6096,1608,1242,1361,2,5423,235,38,673
2023-07-31 20:38:17,856,6544,1857,1259,1348,42,5409,10,37,1135
2023-07-31 08:47:17,849,6360,1833,1227,1363,205,5635,124,34,725
2023-07-30 20:59:17,944,6027,1752,1109,1359,1196,6396,3,33,-369
2023-07-30 09:17:17,798,4657,1617,970,1364,34,5214,399,32,-557
2023-07-29 21:29:17,922,6431,1610,1235,1362,495,5660,0,36,771
2023-07-29 09:47:43,738,5442,1645,1139,1362,-8,5450,539,34,-8
2023-07-28 20:47:17,928,6484,1645,1254,1357,218,5437,1,34,1047
2023-07-28 08:59:17,902,6146,1653,1249,1339,200,5794,417,35,352
2023-07-27 21:17:17,985,6616,1695,1292,1344,1044,6395,0,35,221
2023-07-27 09:26:17,1026,6537,1797,1288,1348,721,6471,258,33,67
2023-07-26 21:31:17,1043,7393,1842,1237,1342,426,5914,0,23,1479
2023-07-26 09:47:17,927,7102,1668,1183,1347,1739,7303,415,24,-201
2023-07-25 21:59:17,950,7470,2018,1266,1343,1658,7264,0,30,206
2023-07-25 10:09:17,973,6894,2003,1234,1272,209,6250,528,30,644
2023-07-24 21:08:17,951,7350,1744,1232,1338,1015,6314,0,35,1036
2023-07-24 09:17:17,836,6515,1772,1209,1353,35,5672,433,34,844
2023-07-23 21:29:17,822,6183,1709,1230,1351,74,5219,0,34,964
2023-07-23 09:29:28,812,5036,1578,1100,1348,354,5559,335,31,-522
2023-07-22 21:46:23,854,6860,1701,1224,1345,455,5613,0,34,1246
2023-07-22 09:59:22,826,5782,1543,1102,1349,1370,6708,484,35,-926
2023-07-21 22:17:17,832,6905,1676,1242,1336,785,5916,0,41,989
2023-07-21 10:26:19,858,6746,1890,1199,1347,304,6239,611,37,507
2023-07-20 21:17:41,803,7027,1716,1227,1327,408,5520,0,35,1507
2023-07-20 09:10:17,802,6786,1826,1185,1327,258,5775,342,35,1011
2023-07-19 21:08:17,1063,7584,1973,1271,1311,838,6489,1,32,1094
2023-07-19 09:08:27,935,7111,1892,1191,1340,67,5846,395,26,1265
2023-07-18 21:26:21,973,7655,2039,1284,1348,348,6027,0,34,1629
2023-07-18 08:43:17,885,7006,1892,1204,1349,313,5965,286,36,1041
2023-07-17 18:59:17,852,7674,2687,1203,1325,1185,7457,172,32,217
2023-07-17 07:17:23,676,6093,2060,1206,1353,419,5804,68,31,289
2023-07-16 19:25:23,962,6272,2217,1137,1353,808,6603,98,29,-331
2023-07-16 05:55:23,899,4765,1628,1012,1352,40,4962,1,30,-197
2023-07-15 17:59:23,916,6402,2074,1078,1350,325,6180,404,30,221
2023-07-15 06:08:23,871,5080,2097,1019,1357,382,5760,2,33,-679
2023-07-14 18:25:23,688,7042,2962,1269,1343,436,7021,291,32,20
2023-07-14 06:38:29,563,5753,1762,1231,1356,1121,6076,14,29,-323
2023-07-13 18:55:57,797,7504,3169,1253,1339,377,7141,171,35,363
2023-07-12 12:29:21,787,6667,2066,1163,1309,7,6146,782,32,521
2023-07-12 00:47:47,989,5607,2158,1274,1362,345,6168,0,40,-561
2023-07-11 12:59:47,930,6907,2130,1183,1357,115,6372,625,33,534
2023-07-11 01:00:21,817,5527,2210,1213,1361,231,5846,0,29,-319
2023-07-10 13:17:21,939,6682,2008,1067,1283,883,6989,777,33,-307
2023-07-09 23:27:21,939,5542,2303,900,1364,520,6057,0,30,-515
2023-07-09 08:23:21,815,4709,1999,747,1365,2279,7511,276,29,-2802
2023-07-08 16:59:21,794,5561,1728,779,1360,2558,7730,475,31,-2168
2023-07-08 01:23:48,934,5444,2176,901,1355,1858,7258,0,33,-1814
2023-07-07 10:48:38,744,6678,1991,653,1324,1688,7018,583,33,-340
2023-07-06 22:59:39,859,6509,2231,342,1353,1005,5835,9,37,674
2023-07-06 11:16:34,958,6835,2209,634,1309,74,5861,645,31,974
2023-07-05 23:29:33,1013,6282,2657,349,1363,37,5449,1,30,833
2023-07-05 02:17:21,941,5511,2547,346,1373,45,5283,0,30,228
2023-07-04 02:08:40,960,5293,2455,338,1347,5,5132,0,27,161
2023-07-03 13:55:20,797,6486,2276,347,1330,180,5672,707,35,814
2023-07-03 02:09:20,795,4658,2478,315,1391,281,5293,0,26,-635
2023-07-02 14:26:20,637,4962,1251,295,1391,1075,5204,531,24,-242
2023-07-02 02:38:20,667,4659,1526,282,1392,1077,4968,0,24,-309
2023-07-01 14:55:20,739,5279,1202,310,1392,802,5235,763,27,44
2023-07-01 03:08:20,962,4864,2659,310,1389,221,5570,0,28,-706
2023-06-30 15:25:47,782,5922,2639,311,1369,217,6074,725,32,-151
2023-06-30 03:38:46,871,4792,2869,317,1384,455,5925,0,30,-1134
2023-06-29 15:55:41,846,5888,2869,303,1300,474,6421,599,30,-533
2023-06-29 03:59:49,779,4825,2628,316,1385,1247,6387,0,31,-1562
2023-06-28 16:17:43,813,6461,3100,332,1347,1036,6819,164,28,-359
2023-06-28 04:26:46,1010,5026,3253,269,1382,524,6471,0,34,-1445
2023-06-27 16:38:46,934,6503,3481,276,1377,238,6834,490,39,-331
2023-06-27 04:55:41,749,5095,3016,296,1384,498,5976,-1,34,-881
2023-06-26 17:09:39,735,6411,3441,269,1346,903,7163,433,36,-753
2023-06-26 05:26:34,712,4584,3051,350,1390,639,6173,-1,31,-1588
2023-06-25 17:38:35,589,5375,2719,235,1386,453,5583,174,27,-209
2023-06-25 05:55:30,567,4587,3137,294,1387,387,5800,2,27,-1214
2023-06-24 18:08:29,598,6001,3911,340,1390,568,7075,237,31,-1074
2023-06-24 06:25:24,592,4945,3387,272,1388,309,5993,11,34,-1048
2023-06-23 18:29:32,611,7027,4299,506,1370,770,7854,257,37,-827
2023-06-23 06:25:48,665,5491,3764,431,1392,198,6507,17,39,-1016
2023-06-22 15:59:29,980,6633,3882,456,1345,290,7552,562,37,-918
2023-06-22 04:16:24,990,5100,3617,433,1386,400,6861,-1,37,-1761
2023-06-21 16:29:23,836,6369,3832,412,1339,417,7423,554,34,-1054
2023-06-21 04:46:18,773,4976,3734,412,1386,290,6633,-1,38,-1657
2023-06-20 16:46:30,734,6180,3396,423,1383,337,6880,570,37,-700
2023-06-20 04:56:32,708,4961,3358,462,1391,723,6677,-1,35,-1715
2023-06-19 17:08:32,901,6295,3610,540,1362,309,7189,428,38,-894
2023-06-19 05:26:26,587,4588,2165,445,1397,2067,6700,-1,33,-2112
2023-06-18 17:38:26,645,5153,3083,415,1389,306,6157,285,36,-1004
2023-06-18 05:55:21,732,4477,3578,424,1388,799,6958,2,35,-2482
2023-06-17 18:08:20,909,6041,3447,437,1391,463,6848,167,34,-807
2023-06-17 04:29:17,886,5048,3534,440,1328,0,6222,-1,35,-1174
2023-06-16 12:55:17,935,6675,2796,404,973,148,5748,453,39,927
2023-06-16 01:08:17,1064,5437,3141,507,756,76,5573,-1,30,-135
2023-06-15 13:26:17,991,6490,2864,433,667,46,5592,563,28,899
2023-06-15 01:38:17,1010,5313,3111,431,694,39,5314,-1,29,-1
2023-06-14 13:46:17,927,6290,2869,460,682,76,5637,588,35,654
2023-06-14 01:59:17,713,5081,3160,422,686,760,5776,-1,36,-696
2023-06-13 14:17:17,724,6231,3077,407,688,418,5843,496,34,388
2023-06-13 00:08:17,900,5384,2703,400,685,1287,6013,0,38,-629
2023-06-12 11:26:17,917,6340,2770,406,684,953,6242,478,33,98
2023-06-11 21:43:17,957,5879,3226,394,696,406,5711,0,32,168
2023-06-11 08:47:17,773,4641,2491,379,699,449,5143,321,31,-502
2023-06-10 20:59:17,931,6018,3199,400,695,34,5291,1,33,727
2023-06-10 09:16:17,771,5495,3107,394,659,284,5598,346,37,-102
2023-06-09 21:29:17,965,6830,3465,428,660,153,5715,3,40,1115
2023-06-09 09:46:17,830,6406,3035,414,645,163,5634,503,45,772
2023-06-08 21:59:17,1003,6628,3315,430,650,266,5717,3,49,911
2023-06-08 10:17:17,868,6248,3143,406,616,193,5806,535,45,442
2023-06-07 22:25:17,1029,6433,3518,478,656,435,6165,0,49,268
2023-06-07 10:38:17,873,6233,3065,322,645,1077,6497,480,36,-264
2023-06-06 20:27:26,958,6446,3613,343,637,595,6203,16,42,243
2023-06-06 07:39:27,759,5698,3404,315,667,497,5819,147,31,-121
2023-06-05 16:29:17,780,4651,3247,300,667,474,6037,544,25,-1386
2023-06-05 02:10:26,828,4127,3141,305,666,126,5090,-1,26,-964
2023-06-04 11:27:24,698,4154,2133,303,667,756,5133,551,25,-980
2023-06-03 20:59:17,787,5611,3599,311,665,981,6368,1,26,-757
2023-06-03 09:16:17,742,4897,3249,307,697,448,5811,343,26,-914
2023-06-02 21:30:17,881,6060,3476,328,677,958,6357,0,32,-296
2023-06-02 09:49:17,725,5332,3157,319,675,-6,5451,550,30,-119
2023-06-01 21:59:17,941,6012,3289,337,656,265,5521,0,30,491
2023-06-01 10:08:17,966,5492,3440,331,659,20,5816,369,30,-324
2023-05-31 22:25:17,1082,6220,3377,344,649,214,5708,0,42,511
2023-05-31 10:29:17,1012,6110,2961,447,636,386,5986,513,32,125
2023-05-30 22:47:17,1056,6004,3318,464,605,178,5661,0,41,343
2023-05-30 10:59:17,831,5931,3190,408,663,333,6135,668,43,-204
2023-05-29 23:16:17,1048,5512,3362,494,659,414,6013,-1,37,-501
2023-05-29 11:17:17,854,5797,2783,377,677,567,5867,572,38,-70
2023-05-28 23:29:17,787,4834,3184,407,678,731,5825,0,38,-991
2023-05-28 11:47:17,623,4518,2377,365,694,358,4993,541,35,-476
2023-05-28 00:01:17,872,4928,3018,398,692,403,5428,0,46,-499
2023-05-27 12:16:17,755,5315,2594,374,701,480,5656,709,42,-340
2023-05-27 00:29:17,983,5199,3076,511,693,358,5666,0,45,-467
2023-05-26 12:48:41,936,6084,3066,494,669,437,6343,699,41,-260
2023-05-26 01:00:41,902,4962,2874,469,691,721,5699,-1,43,-737
2023-05-25 13:16:37,919,5858,3116,483,685,195,6148,707,44,-290
2023-05-24 23:49:18,1137,5575,3363,608,696,5,5840,0,31,-265
2023-05-24 10:56:24,992,5980,3221,490,645,-7,5984,612,30,-4
2023-05-23 23:08:24,1049,5844,3531,480,687,19,5809,-1,44,35
2023-05-23 11:25:19,880,5874,3363,421,652,260,6366,752,39,-493
2023-05-22 23:29:27,1023,5611,3431,481,686,502,6163,0,41,-552
2023-05-22 11:46:23,901,5760,2657,419,662,737,6064,649,38,-304
2023-05-21 23:59:22,909,4817,3029,449,700,1304,6430,-1,39,-1613
2023-05-21 11:08:26,719,4429,2088,419,703,1298,6009,743,38,-1580
2023-05-20 23:17:29,945,5401,3382,453,701,930,6451,0,40,-1049
2023-05-20 11:29:29,730,5219,2464,433,699,1521,6480,593,40,-1261
2023-05-19 23:46:24,831,5465,2811,477,694,1637,6494,0,43,-1030
2023-05-19 11:59:23,836,6080,2847,463,672,1312,6881,709,41,-801
2023-05-19 00:16:18,997,5307,2652,467,696,1372,6225,-1,42,-918
2023-05-18 12:29:17,927,6249,2687,548,663,1950,7275,460,39,-1026
2023-05-17 22:53:17,1111,6108,2969,558,688,691,6063,0,46,45
2023-05-17 10:38:33,999,6625,3007,475,678,1108,6576,265,43,49
2023-05-16 22:55:28,1015,5956,2796,495,703,1804,6857,0,44,-901
2023-05-16 11:08:38,886,6490,2482,479,703,1997,6967,381,38,-476
2023-05-15 23:25:38,856,5742,2452,452,695,1788,6283,0,41,-541
2023-05-15 10:38:22,761,6375,2819,537,673,1272,6562,461,39,-187
2023-05-14 22:47:25,962,5380,3116,541,696,803,6162,-1,38,-781
2023-05-14 10:55:38,774,4720,3139,533,692,45,5787,563,42,-1067
2023-05-13 23:08:28,984,5701,3232,544,693,150,5647,-1,45,54
2023-05-13 11:17:31,941,5781,3288,568,693,86,6037,421,41,-257
2023-05-12 23:29:38,945,5835,3045,527,681,45,5294,-1,52,541
2023-05-12 11:38:34,975,6591,2891,616,670,455,6035,375,53,556
2023-05-11 23:55:29,1032,5605,2989,532,692,133,5427,-1,49,178
2023-05-11 12:08:28,877,5905,2706,573,643,447,6090,796,48,-186
2023-05-11 00:25:23,1025,5454,2549,535,705,264,5128,-1,51,326
2023-05-10 12:38:39,842,6026,2400,563,649,214,5425,711,46,601
2023-05-10 00:55:39,919,5393,2533,526,703,144,4870,-1,47,523
2023-05-09 13:08:39,786,6405,2480,554,701,743,5821,520,37,585
2023-05-09 01:26:10,740,4987,2278,532,690,1187,5464,-1,37,-477
2023-05-08 13:38:10,809,6773,3211,556,677,361,5978,334,29,795
2023-05-08 01:55:09,974,4655,2396,484,692,133,4706,-1,28,-51
2023-05-07 12:59:39,878,4629,2164,502,687,71,5056,725,29,-426
2023-05-06 22:38:09,977,5759,2609,512,1401,1116,6645,-1,31,-886
2023-05-06 01:51:09,930,4983,1830,469,1406,1558,6227,-1,34,-1244
2023-05-05 10:31:34,1102,6184,2791,537,1341,123,6403,477,32,-219
2023-05-04 20:59:39,1238,7108,3005,540,1381,470,6666,-1,33,442
2023-05-04 09:17:39,1332,7009,2834,529,1407,632,6871,108,28,138
2023-05-03 21:30:39,1219,6897,2988,535,1397,1427,7597,0,31,-700
2023-05-03 09:38:17,1086,6365,2516,512,1364,584,6537,448,28,-172
2023-05-02 21:56:11,930,6560,2939,484,1396,1414,7196,0,33,-636
2023-05-02 09:59:39,894,6009,2558,388,1375,197,6080,635,33,-71
2023-05-01 19:47:09,963,5465,3383,388,1407,188,6393,27,37,-928
2023-05-01 07:59:09,930,5040,2540,387,1409,1098,6569,172,33,-1529
2023-04-30 20:16:40,912,5447,3190,389,1407,174,6115,8,34,-668
2023-04-30 08:29:39,945,4863,2809,383,1409,381,6215,255,34,-1352
2023-04-29 20:25:55,1086,6224,3093,408,1410,247,6278,0,34,-54
2023-04-29 08:30:04,977,5656,2978,361,1407,1045,7072,270,34,-1416
2023-04-28 20:46:59,959,6890,2873,403,1392,2085,7752,-1,41,-863
2023-04-28 08:56:09,1080,6586,2954,406,1398,2109,8338,352,40,-1752
2023-04-27 21:08:09,1258,7178,3067,459,1397,1801,8023,0,40,-845
2023-04-27 09:25:56,1007,6836,2655,441,1359,2531,8345,311,41,-1509
2023-04-26 21:38:09,1057,7036,2977,486,1407,2151,8120,1,40,-1083
2023-04-26 09:46:59,1012,6804,2710,478,1352,445,6446,410,39,358
2023-04-25 22:00:09,1146,6666,3487,526,1406,481,7091,2,44,-425
2023-04-25 10:08:09,1119,6971,3256,487,1385,1209,7721,227,40,-751
2023-04-24 22:26:55,942,6364,3170,488,1390,1705,7727,-1,34,-1364
2023-04-24 10:17:17,933,6513,3049,473,1328,225,6636,598,31,-123
2023-04-23 18:57:09,969,5239,3045,470,1417,217,6262,113,31,-1023
2023-04-23 02:51:39,899,4668,2679,484,1409,325,5826,0,28,-1157
2023-04-22 11:40:09,915,5597,2759,485,1402,463,6783,728,30,-1185
2023-04-21 21:10:26,934,6924,2929,507,1390,916,6711,0,33,213
2023-04-21 08:38:11,1136,6648,3121,507,1395,1605,7936,145,28,-1288
2023-04-20 18:37:39,1022,6535,3031,503,1386,1295,7378,109,32,-842
2023-04-20 06:56:39,1237,6008,3111,551,1397,982,7311,4,30,-1303
2023-04-19 18:59:39,1222,6813,3695,585,1381,411,7400,71,35,-587
2023-04-19 07:17:39,961,6288,3089,556,1412,879,6933,10,27,-646
2023-04-18 19:26:24,1068,6286,3200,575,1409,613,6913,15,33,-627
2023-04-18 07:38:25,857,5643,2925,653,1412,553,6450,21,29,-807
2023-04-17 19:46:38,878,5360,3432,664,1410,1197,7611,2,29,-2252
2023-04-17 07:55:32,856,4578,2750,643,1409,1612,7320,20,30,-2742
2023-04-16 20:08:31,1094,5071,3256,667,1411,1868,8324,-1,30,-3253
2023-04-16 08:25:38,1111,4287,3247,668,1408,297,6895,135,29,-2608
2023-04-15 20:39:24,1115,6222,3340,675,1412,416,6992,-1,35,-770
2023-04-15 08:55:38,1122,5510,3241,677,1415,448,7173,234,35,-1663
2023-04-14 21:08:19,1165,6443,3569,722,1405,815,7711,0,36,-1268
2023-04-14 09:26:13,940,5622,3019,685,1356,528,6931,357,46,-1309
2023-04-13 21:39:12,939,6972,3176,692,1397,232,6483,0,48,489
2023-04-13 09:47:38,900,6660,2740,683,1370,546,6810,526,45,-149
2023-04-12 21:38:38,1248,7313,3244,725,1394,785,7435,0,39,-122
2023-04-12 05:59:38,1270,5784,2935,689,1408,555,6898,-1,42,-1114
2023-04-11 09:08:44,1070,7429,2986,677,1386,2681,9023,193,29,-1594
2023-04-10 21:08:03,1217,7414,3072,689,1390,645,7053,-1,41,361
2023-04-10 09:25:03,1071,7042,2803,685,1359,424,6835,448,44,208
2023-04-09 21:39:03,1090,6313,3168,682,1404,25,6413,-1,45,-100
2023-04-09 09:56:44,1062,5485,2818,674,1407,60,6506,441,44,-1021
2023-04-08 22:13:39,1071,6686,3480,730,1395,60,6787,0,52,-101
2023-04-08 10:29:35,1002,6542,3046,682,1364,-3,6542,401,50,0
2023-04-07 22:46:33,1021,6725,3181,747,1402,86,6490,0,53,235
2023-04-06 19:20:23,1268,7467,3554,732,1385,111,7112,14,48,356
2023-03-31 05:30:01,968,5780,1771,839,1411,1018,6064,-1,57,-284
2023-03-30 17:47:01,1002,6575,2226,837,1349,416,6200,312,58,375
2023-03-30 06:01:01,798,6223,1747,824,1407,1002,5838,-1,61,385
2023-03-29 18:08:01,1033,6793,2482,850,1391,389,6505,298,61,288
2023-03-29 06:18:02,916,6273,1739,837,1412,1336,6301,-1,62,-28
2023-03-28 18:27:01,1089,7016,3022,828,1411,1179,7686,97,60,-670
2023-03-28 06:38:01,907,6208,1618,836,1400,2576,7396,0,60,-1187
2023-03-27 18:55:01,1084,6918,2362,852,1378,2606,8376,28,66,-1458
2023-03-27 07:09:00,906,6216,2376,788,1406,433,5972,0,63,243
2023-03-26 19:26:00,863,5732,2437,833,1412,182,5798,9,63,-66
2023-03-26 07:39:00,822,4941,1654,832,1411,1026,5808,2,61,-867
2023-03-25 18:47:51,856,6055,2406,833,1412,1456,7031,3,65,-975
2023-03-25 06:43:21,889,5079,1597,835,1409,1063,5861,13,55,-781
2023-03-24 18:56:05,866,7001,2553,845,1399,994,6713,0,56,288
2023-03-24 07:05:08,783,6359,1993,836,1413,602,5745,64,55,614
2023-03-23 16:32:20,826,6275,2242,809,1341,75,5704,360,51,571
2023-03-23 02:50:50,992,5323,1723,803,1402,36,5006,-1,51,317
2023-03-22 04:17:46,901,5294,1787,844,1400,19,5003,-1,52,291
2023-03-21 07:26:59,1109,6663,2562,897,1401,23,6073,37,46,590
2023-03-20 10:17:50,1135,6975,2159,864,1340,215,6298,529,55,678
2023-03-19 22:29:49,931,5732,2233,865,1402,254,5734,-1,49,-2
2023-03-19 10:29:49,852,5185,1975,850,1408,113,5965,718,50,-780
2023-03-18 22:26:57,1041,6160,2208,871,1408,728,6308,-1,52,-148
2023-03-18 09:18:19,1004,6178,2229,874,1409,876,6930,480,58,-753
2023-03-17 20:59:50,1146,7333,2190,873,1389,1665,7328,-1,66,5
2023-03-17 08:40:22,1009,7265,2047,828,1404,2476,8134,308,62,-869
2023-03-16 20:47:49,1045,7432,2745,832,1390,2209,8284,0,64,-853
2023-03-16 06:38:19,1036,6151,2067,829,1408,789,6191,0,61,-41
2023-03-15 08:29:49,1173,7171,2932,853,1406,1424,8069,219,62,-897
2023-03-14 08:00:19,1114,6978,2999,844,1406,967,7594,203,61,-616
2023-03-13 20:09:19,983,7463,2956,835,1394,1689,7922,-1,65,-460
2023-03-13 08:16:49,1132,7097,2941,898,1404,32,6730,260,64,367
2023-03-12 20:29:49,1046,6445,2985,938,1406,52,6487,-1,61,-43
2023-03-12 07:25:40,1007,5271,2651,910,1404,980,7062,52,59,-1791
2023-03-11 19:29:49,1036,6890,3119,923,1406,1226,7768,-1,59,-878
2023-03-11 07:46:49,862,5840,2680,893,1411,910,6849,28,66,-1009
2023-03-10 19:59:49,1005,7288,3112,975,1396,1706,8255,0,62,-967
2023-03-10 08:16:49,851,6953,2661,930,1407,162,6259,182,65,694
2023-03-09 20:29:49,1081,7409,2869,965,1394,1436,7806,0,61,-397
2023-03-09 08:46:49,1070,7099,2731,941,1410,818,7246,215,61,-147
2023-03-08 20:59:49,923,7227,2393,954,1407,1812,7551,0,63,-325
2023-03-08 09:08:49,1098,7065,2720,993,1376,142,6709,316,63,357
2023-03-07 21:26:26,1215,7205,2985,1005,1407,299,6973,0,64,232
2023-03-07 09:17:47,1209,7425,3003,997,1370,454,7440,339,67,-16
2023-03-06 21:30:47,1191,7111,3103,1017,1402,166,6938,-1,60,172
2023-03-06 09:47:42,1179,7562,2711,1001,1359,304,6964,360,50,598
2023-03-05 21:59:49,928,6134,2887,971,1409,339,6581,-1,49,-447
2023-03-05 10:16:49,903,5417,2453,963,1412,374,6683,519,59,-1267
2023-03-04 22:25:49,891,6182,2452,980,1404,2010,7796,0,60,-1614
2023-03-04 10:38:49,957,6257,2577,971,1404,196,6642,479,58,-386
2023-03-03 22:56:33,935,6176,2516,992,1395,341,6239,-1,59,-64
2023-03-03 11:08:32,1033,7463,2827,985,1380,16,6625,338,46,838
2023-03-02 23:25:49,1029,6209,2768,1028,1405,50,6335,0,56,-126
2023-03-02 11:25:49,988,7392,2529,999,1304,351,6633,405,56,759
2023-03-01 23:38:38,1061,5970,2523,1004,1392,542,6578,-1,57,-608
2023-03-01 11:55:33,1139,7393,2555,981,1352,209,6608,314,57,785
2023-03-01 00:08:32,1138,6013,2589,1219,1401,42,6440,-1,51,-427
2023-02-28 12:25:49,1132,7626,2850,1681,1374,325,7597,191,44,29
2023-02-28 00:38:27,1102,5852,2362,1706,1386,778,7379,-1,46,-1527
2023-02-27 12:47:30,1081,7648,2932,1626,1353,726,8024,255,51,-376
2023-02-27 00:56:33,1042,5169,2356,1714,1399,489,7045,-1,47,-1876
2023-02-26 13:08:32,974,5777,1463,1562,1408,1692,7508,358,50,-1731
2023-02-26 01:25:27,964,5202,1972,1682,1400,1180,7245,0,47,-2043
2023-02-25 13:38:26,1023,6542,2236,1516,1405,1968,8358,158,51,-1816
2023-02-25 01:55:22,1064,5532,1937,1689,1403,898,7038,-1,47,-1506
2023-02-24 14:02:27,1045,7282,2468,1631,1349,1919,8641,177,51,-1359
2023-02-24 02:17:48,1059,5541,2159,1755,1383,1343,7748,0,49,-2207
2023-02-23 14:30:48,972,7189,2175,1628,1347,1653,8237,413,50,-1048
2023-02-23 02:48:16,949,5366,1860,1656,1403,341,6259,-1,50,-893
2023-02-22 15:00:17,1068,6632,2186,1602,1346,99,6902,550,52,-270
2023-02-22 03:18:18,1081,5264,2067,1649,1405,169,6428,0,58,-1164
2023-02-21 15:30:10,1085,6722,1991,1554,1399,1841,8378,448,57,-1638
2023-02-21 03:47:17,1041,5525,1646,1546,1402,2487,8178,-1,58,-2654
2023-02-20 16:00:04,1022,6845,1323,1498,1381,1695,7348,365,63,-503
2023-02-20 04:17:17,971,4941,1597,1556,1405,1944,7530,-1,58,-2589
2023-02-19 16:29:58,988,5586,1860,1614,1406,671,6672,74,60,-1086
2023-02-19 04:47:17,985,4975,1340,1593,1401,2305,7681,0,58,-2706
2023-02-18 16:59:52,988,6343,1709,1550,1402,1704,7470,54,62,-1126
2023-02-18 05:16:47,999,5580,1476,1638,1405,2012,7590,-2,62,-2010
2023-02-17 17:29:47,1031,7332,1703,1658,1395,579,6450,20,64,882
2023-02-17 05:38:17,1036,6023,1499,1755,1436,1140,6931,-1,65,-907
2023-02-16 16:30:12,975,7196,1494,1759,1398,446,6404,266,66,791
2023-02-16 02:22:34,918,5840,1424,1716,1397,525,6043,-1,64,-202
2023-02-15 14:29:47,920,7030,1362,1624,1324,1601,7561,663,66,-530
2023-02-15 02:46:47,927,5915,1278,1689,1402,2468,7825,-1,62,-1910
2023-02-14 14:59:47,1098,7298,1743,1678,1361,1380,7787,464,64,-489
2023-02-14 03:08:47,1077,5911,1518,1735,1393,736,6522,-1,64,-610
2023-02-13 15:27:29,1010,7297,1463,1645,1358,551,6537,446,64,760
2023-02-13 03:29:47,904,5391,1420,1721,1403,846,6359,-1,64,-968
2023-02-12 15:47:33,904,5916,1586,1629,1401,1733,7587,270,64,-1672
2023-02-12 03:59:46,919,5470,1452,1747,1403,923,6508,-1,65,-1038
2023-02-11 16:17:27,933,6855,1650,1681,1403,439,6413,243,65,442
2023-02-11 04:29:46,1041,6016,1496,1772,1396,404,6174,-1,66,-158
2023-02-10 16:47:46,943,7571,2149,1883,1379,234,6809,154,66,762
2023-02-10 04:59:46,1017,6222,1536,1685,1394,329,6020,-1,59,203
2023-02-09 17:17:16,938,7739,2054,1719,1369,367,6557,45,66,1182
2023-02-09 05:30:13,1018,6301,1626,1740,1398,1465,7314,-1,69,-1013
2023-02-08 17:47:08,959,8040,1871,1734,1397,2393,8436,12,70,-397
2023-02-08 05:47:20,981,6366,1584,1730,1404,2013,7781,0,70,-1415
2023-02-07 17:59:46,1153,8119,2625,1836,1386,1069,8139,1,68,-20
2023-02-07 06:18:13,1027,6730,1779,1609,1399,2518,8382,0,69,-1653
2023-02-06 18:30:13,1110,8292,2425,1681,1383,2663,9331,0,70,-1039
2023-02-06 06:48:07,954,6765,2138,1790,1402,2334,8684,0,66,-1919
2023-02-05 19:00:16,1005,7153,2597,1651,1397,2650,9370,-1,70,-2217
2023-02-05 07:18:02,943,5759,2038,1522,1400,2707,8677,-1,68,-2918
2023-02-04 19:26:06,924,7428,2250,1644,1392,1659,7926,0,70,-498
2023-02-04 07:38:16,1056,6362,2226,1647,1400,458,6854,0,67,-493
2023-02-03 19:49:16,1013,7922,2570,1677,1394,163,6885,-1,69,1037
2023-02-03 07:55:16,993,7533,2346,1685,1397,1183,7673,4,66,-141
2023-02-02 20:09:16,1007,7752,2662,1658,1377,836,7606,0,68,146
2023-02-02 08:27:05,1026,7609,2357,1721,1406,707,7333,51,65,277
2023-02-01 20:30:14,1129,7820,3106,1824,1405,408,7942,0,70,-121
2023-02-01 07:38:18,1093,7283,2531,1609,1404,680,7385,0,68,-102
2023-01-31 19:58:10,1179,7891,2913,1807,1404,827,8202,0,72,-311
2023-01-31 07:59:46,1093,7633,2992,1823,1399,324,7700,0,70,-67
2023-01-30 19:59:46,942,7705,2594,1810,1387,1649,8453,-1,71,-747
2023-01-30 08:16:46,1003,7550,2758,1819,1401,-10,7040,2,66,510
2023-01-29 20:29:46,1023,6728,2916,1807,1403,846,8062,0,68,-1334
2023-01-29 08:18:50,1021,5838,2762,1770,1400,1578,8600,2,65,-2772
2023-01-28 18:00:23,1056,7575,2840,1820,1405,1662,8850,0,69,-1276
2023-01-28 06:17:46,1008,5806,2986,1775,1404,1185,8424,0,66,-2618
2023-01-27 18:29:46,1040,8085,2965,1817,1388,2597,9878,0,71,-1792
2023-01-27 05:49:16,983,6087,2200,1780,1398,2242,8670,0,68,-2583
2023-01-26 14:38:38,1131,7831,2767,1785,1358,1256,8458,96,64,-628
2023-01-26 02:55:51,1074,5675,2422,1387,1394,679,7018,0,63,-1343
2023-01-25 15:09:31,1178,7602,2986,1846,1314,458,7917,63,61,-316
2023-01-25 03:25:27,892,5322,2426,1453,1398,929,7163,0,65,-1841
2023-01-24 15:38:26,1103,6910,3197,1830,1400,695,8393,99,68,-1483
2023-01-24 00:43:36,922,5650,2608,1760,1386,588,7328,0,64,-1678
2023-01-23 12:08:41,984,7203,3106,1769,1368,570,8119,258,64,-917
2023-01-23 00:25:19,942,5276,2609,1746,1384,1098,7841,0,63,-2565
2023-01-22 12:38:40,911,5851,2881,1381,1331,1567,8289,157,64,-2438
2023-01-22 00:57:10,933,5319,2267,1708,1404,1312,7688,0,64,-2369
2023-01-21 10:18:04,1043,6740,2863,1712,1336,398,7613,198,64,-873
2023-01-20 22:27:10,954,6592,2221,1676,1399,2260,8579,0,68,-1987
2023-01-20 10:26:20,1070,7687,2472,1675,1410,2149,8935,90,67,-1247
2023-01-19 22:39:20,1002,6416,1912,1671,1407,2235,8295,0,68,-1880
2023-01-19 07:00:20,963,6684,1755,1703,1413,2069,7972,0,69,-1288
2023-01-18 19:17:20,1174,7583,2403,1689,1412,1862,8608,0,68,-1026
2023-01-18 07:29:20,1110,7013,2199,1764,1413,2032,8584,0,67,-1571
2023-01-17 19:47:03,994,7726,2353,1691,1406,1671,8182,0,68,-456
2023-01-17 07:17:50,1047,7080,2001,1706,1404,1643,7857,0,56,-777
2023-01-16 19:29:50,1041,7697,2243,1566,1385,2615,8918,0,68,-1221
2023-01-16 07:40:50,970,7176,2089,1723,1399,2075,8324,0,68,-1148
2023-01-15 08:56:20,1020,5687,1784,1735,1398,-5,6022,25,66,-335
2023-01-14 17:19:50,1042,7143,1731,1828,1400,6,6077,0,70,1066
2023-01-14 01:34:49,1066,5603,1386,1814,1400,9,5741,0,67,-138
2023-01-13 09:59:49,1086,7919,2083,1402,1363,29,6111,81,68,1809
2023-01-12 15:08:49,1087,7529,1972,1410,1325,861,6763,41,66,766
2023-01-12 03:26:43,899,5465,1070,1366,1402,1763,6563,0,63,-1097
2023-01-11 15:09:13,996,7433,1613,1372,1370,2445,7968,104,68,-535
2023-01-11 03:26:08,986,5361,1031,1781,1403,2201,7468,0,66,-2108
2023-01-10 12:30:19,1100,7701,1708,1772,1366,2231,8330,85,68,-629
2023-01-10 00:47:14,910,5661,1266,1351,1391,2668,7649,0,64,-1988
2023-01-09 13:00:13,994,7518,1508,1770,1316,2679,8560,227,66,-1043
2023-01-09 01:17:19,867,5017,973,1470,1407,1941,6706,0,49,-1689
2023-01-08 12:56:41,879,5595,1673,1764,1409,226,6425,430,44,-831
2023-01-08 01:09:49,979,5126,1088,1563,1406,155,5235,-2,48,-109
2023-01-07 13:25:36,925,5829,1521,1370,1405,187,5824,363,51,6
2023-01-07 01:38:35,966,5440,1312,1796,1400,16,5536,0,47,-97
2023-01-06 07:08:49,966,6142,2239,1563,1409,1109,7333,0,48,-1191
2023-01-05 19:26:19,1131,7417,1986,1823,1394,2107,8477,0,37,-1060
2023-01-05 07:39:19,1082,6455,1812,1557,1406,2125,8025,0,44,-1571
2023-01-04 19:47:21,1044,7273,2252,1802,1391,53,6586,0,46,686
2023-01-04 06:00:22,892,5341,1366,1334,1405,1000,6041,0,43,-700
2023-01-03 18:17:19,1039,7157,2412,1696,1392,633,7209,0,36,-53
2023-01-03 05:16:49,988,4649,1473,1479,1404,383,5758,0,30,-1108
2023-01-02 17:16:49,868,5850,1685,1686,1411,445,6125,0,29,-274
2023-01-02 05:29:49,954,4361,1314,1440,1409,450,5598,0,30,-1237
2023-01-01 15:02:49,856,4432,1059,1362,1406,202,5146,231,30,-714
2023-01-01 00:24:16,883,5239,1219,1514,1406,944,5999,0,32,-760
2022-12-31 09:42:19,863,5733,1978,1134,1408,249,5849,185,32,-116
2022-12-30 21:55:19,988,6264,2371,891,1398,917,6600,0,34,-336
2022-12-30 10:08:19,1184,6295,2313,885,1330,992,6987,247,35,-692
2022-12-29 22:27:05,996,5942,2074,882,1395,964,6346,0,35,-404
2022-12-29 10:39:05,1006,6485,2242,859,1382,519,6452,410,35,34
2022-12-28 22:55:19,940,5794,1998,1282,1405,1147,6806,0,35,-1012
2022-12-28 10:55:19,1059,6659,2290,1283,1404,64,6497,364,34,162
2022-12-27 23:09:10,1045,5503,1735,1015,1417,1527,6772,0,34,-1269
2022-12-27 11:09:49,995,6113,2170,876,1419,1404,7222,324,34,-1109
2022-12-26 22:59:49,926,5257,1842,802,1412,1004,6018,0,31,-760
2022-12-26 11:19:36,873,5130,1846,791,1414,45,5376,374,33,-246
2022-12-25 23:00:08,1089,5146,1648,801,1422,1826,6819,0,33,-1673
2022-12-25 10:39:41,1101,4903,1901,802,1418,683,6286,342,39,-1383
2022-12-24 22:49:49,1170,5692,2020,1657,1419,996,7301,0,39,-1609
2022-12-24 10:30:15,1139,6450,2136,1639,1420,316,6809,118,40,-359
2022-12-23 22:16:49,1112,6541,2478,1674,1403,202,6926,0,57,-385
2022-12-23 10:16:53,1107,7396,2436,1662,1344,151,6884,127,56,512
2022-12-22 21:59:49,1090,7042,2312,1678,1399,484,7025,0,62,17
2022-12-22 09:47:49,1134,8008,2642,1688,1371,893,7851,61,60,158
2022-12-21 21:30:19,1115,7481,2658,1700,1394,1357,8287,0,63,-806
2022-12-21 09:08:52,1105,8132,2514,1701,1412,1155,7993,47,59,139
2022-12-20 20:56:17,1215,7657,2334,1692,1398,842,7544,0,64,113
2022-12-20 09:00:25,1229,7983,2800,1686,1408,236,7488,69,60,495
2022-12-19 20:59:49,1184,7681,2603,1692,1393,435,7369,0,62,312
2022-12-19 07:59:51,1261,7467,2868,1352,1413,871,7828,1,62,-361
2022-12-18 20:08:19,1049,6872,2418,1612,1414,885,7454,0,75,-582
2022-12-18 08:25:49,958,5762,2021,1147,1415,744,6362,4,73,-600
2022-12-17 20:30:19,1043,7055,1894,1479,1415,2115,8024,0,78,-970
2022-12-17 08:39:00,1075,6588,1832,1510,1411,1369,7293,20,76,-706
2022-12-16 20:55:19,1184,7367,2108,1594,1396,632,6994,0,80,373
2022-12-16 08:57:06,1174,8008,1828,1122,1401,2066,7691,20,80,317
2022-12-15 21:08:19,1169,7546,2202,1116,1391,622,6585,0,85,961
2022-12-15 09:26:19,1149,8173,2490,1097,1365,743,6976,50,81,1197
2022-12-14 21:39:00,1066,7558,1884,1084,1395,2111,7625,0,83,-67
2022-12-14 09:29:49,1218,8252,2007,1106,1325,534,6342,79,72,1911
2022-12-13 21:38:49,1307,7462,2177,1575,1400,74,6614,0,81,848
2022-12-13 09:29:49,1379,8165,2210,1520,1374,1338,8047,142,83,118
2022-12-12 21:47:40,1293,7117,1655,1363,1385,771,6550,0,84,567
2022-12-12 09:31:19,1412,7948,1984,1532,1404,404,6923,105,82,1025
2022-12-11 18:38:19,1277,6768,1627,1472,752,808,6014,0,78,754
2022-12-11 06:59:08,1165,5366,802,1043,999,2076,6162,0,76,-797
2022-12-10 18:47:32,1265,7195,1595,1517,1391,607,6457,0,82,737
2022-12-10 06:39:52,1254,5781,1307,1524,1393,857,6421,0,85,-640
2022-12-09 16:55:50,1395,7757,1688,1642,1390,305,6508,0,88,1249
2022-12-09 04:59:58,1361,5709,1047,1666,1395,308,5862,0,86,-152
2022-12-08 17:16:53,1368,8056,1832,1688,1320,40,6336,0,88,1720
2022-12-08 05:30:18,1383,5968,1108,1656,1396,14,5644,0,87,324
2022-12-07 17:46:48,1300,8069,1945,1698,1390,46,6452,0,73,1616
2022-12-07 05:55:18,1286,6062,1072,1667,1393,926,6427,0,84,-365
2022-12-06 17:59:58,1510,7899,1705,1667,1392,795,7157,0,87,742
2022-12-06 06:17:52,1467,6218,948,1676,1394,631,6198,0,82,20
2022-12-05 18:29:52,1497,7999,1744,1716,1390,903,7333,0,83,666
2022-12-05 06:08:26,1199,5943,957,1683,1393,992,6297,0,74,-354
2022-12-04 18:26:20,1176,6773,1303,1711,1398,1369,7033,0,75,-260
2022-12-04 06:38:20,1124,5316,918,1704,1393,1056,6266,0,72,-951
2022-12-03 18:56:14,1166,7147,1309,1691,1390,278,5891,0,73,1256
2022-12-03 07:09:13,1118,5695,1046,1674,1394,191,5494,0,71,201
2022-12-02 19:26:09,1165,7174,1654,1689,1390,478,6450,0,74,724
2022-12-02 07:38:18,1161,6187,1587,1682,1391,608,6502,0,74,-315
2022-12-01 19:56:02,1076,6919,1508,1679,1392,2007,7738,0,76,-819
2022-12-01 08:00:10,1120,6102,1552,1445,1387,1478,7059,0,76,-956
2022-11-30 20:18:04,1010,6804,1511,1523,1390,1484,6996,0,79,-192
2022-11-30 08:30:04,975,6513,1449,1604,1391,1758,7261,8,76,-748
2022-11-29 20:46:59,1248,7419,2325,1644,1389,1478,8166,0,82,-747
2022-11-29 07:23:35,1183,7002,1698,1607,1392,1604,7564,0,80,-561
2022-11-28 15:00:15,1239,7425,1736,1623,1346,1164,7269,92,69,156
2022-11-28 02:38:49,1116,4986,1324,1609,1391,519,6032,0,73,-1046
2022-11-27 14:56:43,1102,5958,1679,1438,1392,306,6056,65,73,-98
2022-11-27 03:08:43,966,5023,1197,1147,1395,922,5701,0,74,-679
2022-11-26 15:27:36,1108,6635,1589,1560,1388,1283,7097,91,76,-462
2022-11-26 03:30:45,1097,5456,1437,1575,1393,1713,7291,0,76,-1834
2022-11-25 15:38:49,1023,7212,1835,1426,1362,2201,8028,100,80,-815
2022-11-25 03:56:44,1105,5403,1325,1566,1392,758,6223,0,78,-821
2022-11-24 15:59:53,1373,7420,1674,1549,1383,504,6592,29,80,829
2022-11-24 04:00:05,1358,5456,1078,1436,1392,121,5459,0,75,-3
2022-11-23 16:08:17,1367,7377,1833,1561,1370,1127,7349,15,76,28
2022-11-23 03:26:04,1203,5468,968,1113,1388,2105,6855,0,77,-1387
2022-11-22 15:39:03,1535,7266,1720,1317,1357,189,6293,96,79,972
2022-11-22 03:47:17,1475,5334,1090,1445,1387,18,5491,-1,77,-157
2022-11-21 15:56:10,1282,7260,1635,1538,1385,1018,6975,40,76,285
2022-11-21 04:09:09,1302,4803,980,1321,1389,1089,6155,0,74,-1352
2022-11-20 16:25:17,1526,6051,1067,1499,1391,345,5903,0,75,149
2022-11-20 03:56:46,1315,5051,931,1470,1390,1711,6893,0,76,-1842
2022-11-19 16:08:47,1597,6447,1100,1538,1390,14,5726,4,83,721
2022-11-18 12:10:13,1682,7337,1601,1362,1341,273,6596,258,78,741
2022-11-17 21:14:24,1699,7108,1607,1522,1386,838,7131,0,78,-22
2022-11-17 07:38:14,1677,6936,1595,1517,1391,260,6516,1,75,420
2022-11-16 19:55:09,1525,7455,1647,1542,1387,313,6493,0,78,962
2022-11-16 07:59:36,1584,7154,1711,1518,1390,485,6767,4,76,387
2022-11-15 20:17:11,1516,7451,1838,1541,1391,296,6662,0,79,789
2022-11-15 08:30:10,1557,7461,1861,1540,1388,81,6544,44,73,917
2022-11-14 20:47:05,1534,7147,1642,1566,1388,35,6236,0,70,911
2022-11-14 08:55:09,1584,7389,1915,1561,1390,73,6691,96,70,698
2022-11-13 21:08:08,1585,6144,1143,674,1390,216,5077,0,68,1068
2022-11-13 08:59:32,1254,5367,785,633,1389,667,5021,227,66,346
2022-11-12 21:17:23,1560,6400,1166,1537,1390,45,5771,0,74,629
2022-11-12 09:30:22,1555,6185,1054,1519,1389,320,6230,326,67,-45
2022-11-11 17:47:32,1721,7529,1726,1536,1389,1018,7471,0,80,58
2022-11-11 05:17:32,1594,5529,1037,1511,1388,281,5884,0,72,-355
2022-11-10 17:32:01,1654,7409,1614,1489,1365,567,6768,0,78,642
2022-11-10 05:29:32,1481,5508,1035,1522,1388,402,5900,0,74,-392
2022-11-09 17:29:32,1492,7281,1615,1511,1390,473,6572,14,76,709
2022-11-09 05:47:32,1373,5560,1024,1508,1388,90,5456,0,74,104
2022-11-08 17:59:32,1398,7151,1599,1471,1381,173,6096,0,74,1055
2022-11-08 06:16:32,1493,5733,1075,1438,1382,16,5479,0,76,254
2022-11-07 18:29:32,1324,7350,2034,1492,1383,237,6541,0,70,809
2022-11-07 06:40:32,1156,5716,1044,1438,1387,545,5636,0,65,80
2022-11-06 18:55:14,1074,6233,1023,1374,1388,1872,6797,0,66,-563
2022-11-06 06:57:32,869,4913,980,969,1388,1640,5911,0,65,-997
2022-11-05 18:56:02,871,6558,959,1284,1389,2137,6704,0,64,-146
2022-11-05 07:08:02,838,5315,904,1379,1386,1727,6293,0,59,-978
2022-11-04 19:26:31,1385,7070,1457,1409,1384,2011,7711,0,64,-641
2022-11-04 07:30:03,1387,6407,1563,1443,1386,386,6239,13,60,168
2022-11-03 19:46:35,1386,7189,1582,1423,1384,46,5881,0,60,1308
2022-11-03 07:30:04,1309,6358,1362,1398,1387,739,6263,12,56,95
2022-11-02 19:29:32,1232,7100,1479,1390,1390,306,5852,0,56,1248
2022-11-02 07:16:42,1252,6412,1545,1394,1390,1060,6682,4,37,-270
2022-11-01 19:29:41,1223,7110,1505,1398,1392,1096,6670,0,57,440
2022-11-01 07:38:44,1274,6537,1558,1409,1384,-10,5696,28,53,841
2022-10-31 19:55:39,1198,7093,1806,1389,1384,538,6373,0,56,706
2022-10-31 08:08:01,1212,6582,1673,983,1384,445,5872,122,53,710
2022-10-30 20:26:01,1131,5952,1375,961,1381,17,4918,0,53,1034
2022-10-30 08:38:01,1108,5094,1267,944,1385,398,5334,181,49,-240
2022-10-29 21:00:22,1087,6341,1170,1083,1388,949,5728,0,52,613
2022-10-29 09:16:31,1076,5979,1263,1377,1384,225,5533,158,49,447
2022-10-28 20:08:01,1241,7030,1932,1401,1389,180,6211,0,69,819
2022-10-28 07:38:22,1263,6454,1839,1402,1385,57,6010,0,64,444
2022-10-27 19:41:01,1232,7037,1943,1390,1385,12,6024,0,63,1013
2022-10-27 07:55:29,1245,6491,1943,1396,1387,194,6228,0,62,264
2022-10-26 20:08:28,1131,6966,1979,1381,1385,100,6039,0,63,927
2022-10-26 08:25:23,1155,6535,1766,1350,1390,752,6506,31,62,29
2022-10-25 20:38:31,1082,7053,1821,967,1388,1405,6727,0,63,326
2022-10-25 06:29:45,1115,5682,1419,1367,1389,163,5512,0,58,171
2022-10-24 15:22:08,1136,6349,1947,1311,1386,147,6474,487,59,-124
2022-10-23 22:52:54,1107,5253,1292,953,1387,168,4963,0,57,290
2022-10-23 07:45:17,959,4922,907,716,1390,1393,5426,0,61,-504
2022-10-22 16:25:01,1130,5766,1363,1332,1391,1115,6544,142,71,-779
2022-10-22 04:08:22,1039,5113,1188,1365,1386,1886,6932,0,69,-1819
2022-10-21 16:25:18,1128,6303,1778,1346,1386,170,6277,398,72,25
2022-10-21 00:59:59,1177,5278,1167,1388,1382,899,6082,0,69,-804
2022-10-20 11:55:17,1032,6502,1492,1350,1329,2258,8165,636,69,-1663
2022-10-20 00:10:14,1156,5386,1799,1377,706,679,5789,0,73,-403
2022-10-19 12:26:31,1087,6412,1825,956,1375,820,6759,643,53,-347
2022-10-19 00:38:10,1061,5357,1362,1352,1395,383,5623,0,70,-264
2022-10-18 12:46:31,1091,6351,1869,1168,1387,123,6415,710,67,-64
2022-10-17 17:00:20,1109,6147,2014,1129,1335,189,6165,322,66,-18
2022-10-17 05:16:31,1035,4752,1270,1307,1392,541,5607,0,63,-855
2022-10-16 16:59:45,893,5120,1482,1221,707,262,4946,317,63,175
2022-10-16 05:16:40,965,4678,1550,574,1115,345,4613,0,64,65
2022-10-15 17:25:01,868,5698,1414,1337,1386,521,5755,165,65,-58
2022-10-15 05:38:01,1024,5024,1512,1067,1385,1228,6283,0,67,-1260
2022-10-14 17:58:34,1118,6206,1698,1127,1386,1414,6854,40,71,-647
2022-10-14 06:08:36,1085,5477,1467,1100,1389,722,5834,0,72,-357
2022-10-13 18:26:30,1118,6673,1880,1340,1380,487,6290,12,73,382
2022-10-13 06:38:30,958,5913,1436,1294,1389,54,5202,0,71,711
2022-10-12 18:56:27,837,6750,2110,1330,1389,141,5880,0,73,870
2022-10-12 07:08:27,975,6323,1764,1300,1390,-1,5496,0,68,828
2022-10-11 19:25:27,871,7040,1898,1311,1387,406,5946,5,68,1093
2022-10-11 07:37:42,1026,6371,1927,1303,1385,64,5773,0,68,598
2022-10-10 08:17:23,1019,6543,1928,1264,1391,869,6573,35,68,-30
2022-10-09 20:25:23,853,5987,974,931,1390,1526,5740,0,66,246
2022-10-09 08:30:23,847,4929,1335,1176,1388,222,5126,94,63,-196
2022-10-08 20:38:23,1000,6352,1504,1286,1385,203,5444,0,66,908
2022-10-07 08:46:53,1153,6677,1696,1292,1387,529,6307,181,69,369
2022-10-06 20:59:53,1086,6899,1678,1305,1373,150,5663,0,72,1236
2022-10-06 09:08:47,1118,6623,1697,1286,1375,265,6058,248,69,566
2022-10-05 21:27:40,965,6684,1570,1316,1385,56,5364,0,71,1320
2022-10-05 09:30:49,865,6656,1651,876,1340,458,5621,363,68,1035
2022-10-04 21:46:53,960,6509,1498,1326,1385,86,5330,0,74,1180
2022-10-04 09:59:53,844,6689,1601,1142,1344,267,5640,373,68,1050
2022-10-03 22:17:53,836,5960,1444,1258,1381,872,5872,0,69,88
2022-10-03 10:25:53,1002,6676,1636,1257,1336,145,5694,253,64,982
2022-10-02 22:38:42,842,5100,1022,481,1380,1202,4989,0,62,111
2022-10-02 10:57:53,844,4842,777,427,1381,1442,5415,490,54,-573
2022-10-01 23:08:36,896,5153,1155,1162,1380,591,5240,0,56,-87
2022-10-01 11:25:31,868,5552,1140,949,1383,99,4982,487,56,570